1001,0:00:30,0:00:30,0:00:30,0:00:29,0:00:29,0:00:29,0:00:23,0:00:15,0:00:27,0:00:29,0:00:20,0:00:14,0:00:31,0:00:23,0:00:22,0:00:26,0:00:19,0:00:28,0:00:20,0:00:44,0:00:22,0:00:34,0:00:44,0:00:31,0:00:22,0:00:47,0:02:30,0:00:30,0:00:42,0:00:47,0:00:25,0:00:42,0:00:38,0:00:34,0:00:39,0:00:36,0:00:42,0:00:46,0:00:38,0:00:44,0:00:32,0:00:40,0:00:59,0:00:27,0:00:43,0:00:46,0:00:47,0:00:44,0:01:05,0:00:41,0:00:32,0:00:48,0:00:32,0:00:34,0:00:44,0:00:47,0:01:00,0:00:43,0:00:41
1002,0,0,0,0,0,0,0:06:28,0:00:14,0:00:26,0:06:29,0,0:02:29,0:04:21,0:08:27,0:00:21,0:02:17,0,0,0:02:44,0,0,0:00:34,0:00:43,0:06:47,0:00:21,0:10:25,0:00:23,0:06:27,0:00:41,0:10:38,0,0:04:32,0:02:50,0,0:00:38,0:00:36,0:10:49,0,0:04:33,0,0:08:42,0:00:51,0:04:55,0:02:42,0:09:08,0:00:45,0:00:45,0,0:01:08,0:04:48,0,0:08:45,0:02:33,0:06:59,0,0:00:45,0:00:59,0:00:42,0:00:51,0:02:59,0:00:55,0:00:46,0:08:31,0:09:14,0:05:07,0:00:56,0:04:49
1003,0:00:34,0:00:34,0:00:29,0:00:28,0,0:00:33,0,0,0,0,0:00:20,0:00:14,0,0,0:02:25,0,0,0,0:02:45,0:00:45,0:00:22,0:08:47,0:02:30,0:06:46,0:04:25,0:02:24,0:00:25,0:00:35,0:02:46,0:00:46,0:10:38,0:02:38,0,0:10:39,0:06:45,0:02:48,0:00:48,0,0:06:53,0:08:29,0:05:00,0,0:01:08,0:06:46,0:02:46,0:02:46,0:00:46,0,0:08:32,0:00:41,0:00:32,0:00:48,0:00:36,0:02:43,0:10:40,0:10:57,0:02:44,0:08:48,0:00:53,0:00:40,0:06:42,0:10:32,0:00:35,0:00:42,0:01:18,0:05:15,0:01:08
1004,0,0:00:34,0,0,0,0,0,0,0,0:04:13,0:06:31,0:02:30,0,0,0:00:21,0:00:24,0,0:02:19,0:00:19,0:02:22,0:00:22,0:00:40,0:08:44,0:00:30,0:06:34,0:02:23,0:08:27,0:02:41,0:02:46,0:06:36,0:02:43,0:00:40,0:00:38,0:02:47,0:06:45,0,0,0:06:33,0,0,0:02:51,0,0:02:28,0:04:45,0:09:08,0:00:45,0:10:49,0:04:40,0,0:02:31,0:02:49,0:04:33,0:06:45,0:00:33,0:02:45,0:00:45,0:02:42,0,0,0:08:41,0:04:35,0:02:35,0:06:56,0:00:41,0:07:14,0,0:03:14,0:02:47
1005,0:00:29,0:00:34,0:00:34,0:00:29,0:00:29,0:00:34,0:00:23,0:10:31,0:08:31,0:00:29,0:04:31,0:00:14,0:02:22,0:00:22,0:00:22,0:02:19,0:06:45,0:00:28,0,0:06:43,0,0,0:02:33,0:00:33,0,0:02:46,0:00:24,0:02:42,0:02:46,0:00:46,0:00:28,0:04:53,0,0:06:42,0:08:37,0:10:33,0:06:43,0:02:37,0:06:51,0:02:35,0:05:00,0,0:08:46,0:00:28,0:06:43,0,0:00:46,0:04:41,0,0:00:41,0:02:50,0:10:59,0:00:36,0,0:00:49,0:00:47,0:00:59,0:04:40,0:06:48,0:06:52,0:02:48,0:10:32,0:00:35,0:04:47,0:08:48
1006,0:00:30,0:00:30,0:00:30,0:00:30,0:00:30,0:00:30,0,0,0:00:27,0:04:14,0,0:00:14,0,0,0:06:28,0:04:31,0:06:45,0,0:04:22,0:02:22,0:02:40,0,0:10:35,0:00:30,0,0:02:46,0:00:24,0:02:42,0:04:28,0:00:46,0:06:34,0:08:36,0:00:38,0:02:49,0:06:45,0:06:37,0:01:01,0:06:35,0:00:37,0:02:35,0:06:29,0:04:28,0:01:00,0:02:43,0,0:10:32,0:05:08,0:00:43,0,0:00:41,0,0:04:34,0:02:34,0:02:43,0:08:53,0:00:46,0:02:43,0:08:48,0:02:40,0:00:53,0:00:57,0,0,0:00:42,0:04:32
1007,0:00:34,0:00:36,0:00:34,0:00:34,0:00:30,0:00:30,0,0,0,0,0:10:31,0:00:14,0:08:15,0:00:23,0:02:26,0,0:08:22,0,0:00:20,0,0,0:02:44,0:00:44,0:10:42,0:02:47,0:02:24,0:00:24,0:00:35,0:02:47,0:00:47,0:00:26,0:00:45,0:02:53,0:02:39,0:06:46,0:08:44,0:06:57,0:06:34,0,0,0:02:40,0,0:01:08,0:08:44,0:04:51,0,0,0:00:44,0:01:09,0,0:04:32,0,0:02:34,0:08:44,0,0:03:00,0:02:43,0,0:02:37,0:00:53,0:02:49,0:02:52,0:06:57,0:03:18,0:02:47,0:00:57,0:04:48,0:01:10
1008,0,0,0,0,0,0,0:00:22,0,0:10:22,0,0:00:19,0:04:22,0:02:31,0:00:22,0,0:00:25,0,0:00:27,0:02:44,0:02:21,0:00:21,0:02:43,0:00:43,0:00:30,0:00:21,0:00:39,0:00:23,0:02:41,0:00:41,0:00:45,0:00:24,0:02:37,0:00:37,0:02:38,0:00:38,0:00:35,0:00:59,0:02:37,0:00:37,0:00:43,0:00:31,0:00:39,0:01:07,0:00:26,0:02:46,0:00:46,0:02:43,0:00:43,0:01:08,0:00:40,0:00:31,0:00:47,0:00:31,0:00:33,0:00:48,0:00:46,0:00:59,0:02:52,0:02:36,0:00:52,0:00:55,0:00:46,0:00:34,0:00:42,0:01:17,0:00:46,0:00:31,0:01:09
1009,0,0,0,0,0,0,0,0,0:00:26,0:00:28,0:00:19,0:00:24,0:04:21,0:04:25,0:00:21,0,0,0:00:27,0,0:04:33,0,0,0:00:43,0,0:04:45,0:02:23,0:00:24,0:04:46,0:04:27,0:04:41,0:00:27,0:08:35,0:10:45,0,0:04:46,0:04:45,0:00:46,0:02:37,0,0:00:56,0,0:06:55,0,0:11:08,0:09:04,0:10:31,0:10:48,0,0:02:40,0:10:43,0:00:31,0:00:47,0:02:33,0,0,0:00:46,0:04:52,0:06:55,0:08:34,0:11:17,0:04:51,0:02:51,0:00:55,0:00:42,0:01:17,0:03:07,0:03:09
1010,0,0,0,0,0,0,0,0,0,0,0,0:04:21,0:10:27,0:06:14,0,0,0,0:00:27,0:00:20,0:00:44,0:00:21,0:00:33,0:04:21,0,0:00:21,0,0:04:41,0:08:40,0:06:43,0:10:38,0:02:59,0:02:37,0:02:52,0:00:52,0:00:42,0,0:00:47,0:10:59,0:08:59,0:00:55,0:10:45,0:03:07,0:04:55,0,0:06:42,0:02:45,0:02:42,0:00:47,0:02:40,0:00:40,0:06:33,0,0,0:06:59,0:06:43,0:02:59,0:02:43,0:04:39,0:04:59,0:00:36,0:09:17,0:07:17,0:02:41,0:03:17,0:05:07,0:00:56,0:01:07
1011,0,0,0,0:04:13,0,0,0,0,0:00:26,0:00:28,0,0:04:21,0:06:24,0,0:00:21,0:00:24,0:00:18,0:00:27,0:00:20,0:00:44,0:00:21,0:02:42,0,0:08:29,0:04:48,0,0:06:45,0:00:34,0,0,0:00:27,0:08:35,0,0:06:41,0:04:47,0:00:35,0:02:44,0:08:39,0:00:36,0,0:02:52,0:00:50,0,0:06:45,0:00:43,0:00:45,0:05:07,0,0:02:40,0:00:40,0:10:46,0,0,0:00:33,0:04:59,0:04:42,0,0:02:52,0:06:47,0:00:52,0:04:34,0,0:08:31,0:00:41,0:02:56,0:00:56
1012,0,0,0,0,0,0,0,0:02:26,0,0:08:21,0:02:13,0:02:30,0,0:00:21,0:00:21,0:00:29,0:00:18,0:00:27,0:00:20,0:00:43,0:10:46,0:06:21,0:06:46,0:10:41,0:04:48,0,0:00:40,0:06:27,0:06:43,0:02:24,0,0,0:04:42,0:00:33,0:05:00,0:03:00,0:01:00,0,0,0:10:43,0:00:37,0:04:45,0:01:07,0:00:27,0:00:43,0,0:06:40,0:00:47,0:04:32,0:02:32,0:00:31,0:00:47,0,0:00:33,0:02:45,0:06:52,0:00:59,0:00:42,0:06:47,0:00:52,0:06:41,0,0:00:51,0:03:17,0:01:17,0,0:01:07
1013,0,0,0,0,0,0,0,0,0:00:26,0:00:28,0:00:19,0:00:13,0,0:08:29,0:00:21,0:08:45,0,0:04:45,0:00:20,0,0:02:40,0,0,0:02:21,0:00:21,0,0:00:22,0:04:46,0:04:27,0:10:42,0:02:43,0:00:43,0:00:36,0:00:32,0:00:37,0,0:01:00,0:04:42,0:04:39,0:04:39,0:04:58,0:00:51,0:01:07,0:02:56,0:00:43,0,0:08:31,0:03:08,0:02:40,0:08:33,0,0:08:45,0:00:34,0:00:33,0:00:48,0:04:43,0:02:43,0:04:39,0:02:36,0:11:17,0:02:47,0:02:52,0:06:46,0:00:42,0,0:00:56,0:00:30
101,0:00:33,0:00:35,0:00:33,0:00:33,0:00:29,0:00:29,0:00:33,0:00:22,0:00:26,0:00:28,0:00:19,0:00:24,0:00:30,0:00:22,0:00:21,0:00:25,0:00:18,0:02:19,0:00:19,0:00:44,0:00:21,0:00:40,0:00:43,0:00:30,0:00:21,0:00:39,0:00:23,0:00:34,0:00:41,0:00:45,0:00:24,0:00:41,0:00:37,0:00:33,0:00:38,0:00:35,0:00:59,0:00:44,0:00:37,0:00:43,0:00:31,0:00:39,0:00:58,0:00:26,0:00:42,0:00:46,0:00:46,0:00:48,0:01:04,0:00:40,0:02:24,0:00:47,0:02:33,0:00:33,0:00:43,0:00:46,0:00:59,0:00:43,0:00:40
102,0:00:29,0:00:33,0:00:33,0:00:29,0:00:29,0:00:33,0:00:22,0:00:13,0:00:26,0:00:27,0:00:20,0:00:25,0:00:30,0:00:21,0:00:21,0:00:24,0:00:14,0:00:26,0:00:20,0:00:44,0:00:22,0:00:33,0:00:42,0:00:30,0:00:21,0:00:39,0:00:22,0:00:30,0:00:41,0:00:46,0:00:24,0:00:40,0:00:36,0:00:32,0:00:37,0:00:35,0:00:42,0:00:45,0:00:36,0:00:42,0:00:31,0:00:39,0:00:58,0:00:27,0:00:43,0:00:45,0:00:45,0:00:42,0:01:08,0:00:40,0:00:31,0:00:47,0:00:31,0:00:33,0:00:42,0:00:45,0:00:59,0:00:42,0:00:39
103,0,0,0,0,0,0,0:10:13,0,0,0:00:27,0:00:13,0:00:25,0:00:30,0,0:10:45,0:00:29,0,0,0:00:20,0:04:40,0,0:04:32,0:06:45,0,0:10:46,0,0:08:27,0:00:30,0:04:27,0:00:46,0:00:24,0:02:36,0:00:36,0:00:50,0:00:47,0:00:35,0:01:00,0:06:33,0:06:49,0,0:02:39,0:00:51,0:02:28,0:00:27,0:00:43,0:04:42,0:10:49,0:00:47,0:02:40,0:04:49,0:00:31,0:00:49,0:02:33,0:08:42,0:00:42,0,0:06:40,0:02:51,0:06:47,0:00:40,0:00:56,0:00:47,0:05:17,0:09:09,0:05:07,0,0:00:30,0:01:09
104,0,0:00:33,0,0,0,0,0,0,0:06:13,0:04:13,0:00:19,0:10:21,0:00:30,0:00:21,0,0:00:24,0:00:14,0,0:00:19,0:00:44,0:00:22,0:02:42,0:04:21,0:08:33,0,0:04:33,0:00:40,0:04:46,0:10:50,0:02:25,0:02:40,0:02:36,0:06:35,0:02:37,0,0:00:35,0:00:42,0:00:45,0:00:36,0:02:33,0:00:31,0:02:58,0:02:45,0:00:27,0:02:45,0:00:45,0:06:40,0:08:46,0:02:40,0:02:31,0:08:42,0:00:46,0:00:30,0:02:42,0,0:02:59,0,0:00:43,0:06:47,0:02:56,0:00:56,0:02:52,0,0,0:01:17,0:05:13,0:04:46
105,0,0:00:29,0:04:22,0:00:33,0:00:29,0:00:29,0:00:22,0:00:14,0:02:28,0:02:23,0:08:21,0:00:25,0,0:02:21,0,0:02:17,0,0:00:26,0,0:06:42,0:00:22,0:02:42,0,0:00:30,0:00:21,0:00:39,0:00:22,0:00:29,0:00:42,0:00:46,0:00:27,0:00:40,0:02:50,0:00:52,0:04:42,0:00:35,0:02:45,0:02:36,0:06:49,0,0:04:58,0:02:58,0:00:58,0:02:56,0:00:43,0:00:45,0:06:40,0:08:48,0:10:33,0:06:30,0:06:33,0:00:46,0:08:59,0:00:33,0,0:06:51,0:02:43,0:02:51,0:04:59,0:04:48,0,0:04:42,0:05:17,0:03:17,0:01:17,0:00:56
106,0:00:34,0,0:00:33,0,0:00:33,0:00:28,0:00:23,0,0:00:27,0,0:08:22,0:00:14,0:04:22,0:02:22,0:04:15,0:08:45,0:10:41,0:06:22,0:06:41,0:04:41,0,0:06:22,0:02:31,0:10:42,0:02:40,0:04:36,0:00:24,0:00:30,0:00:42,0:00:47,0:04:38,0:00:42,0:00:38,0:02:43,0:04:47,0:02:42,0:04:38,0,0:00:38,0:00:44,0:02:40,0:08:46,0:02:27,0:02:43,0:00:43,0:02:46,0,0:04:41,0:01:09,0,0:02:49,0:00:48,0:09:00,0:00:34,0:00:49,0:00:46,0,0:02:53,0:00:41,0:02:56,0:04:52,0:02:52,0:02:43,0:03:18,0,0:00:47,0:04:50,0:02:47
107,0,0,0,0,0,0,0:10:13,0:04:29,0:08:30,0:00:28,0:08:21,0:00:27,0:04:21,0,0:00:21,0,0:02:30,0:02:20,0:00:20,0,0,0:00:33,0:00:42,0:00:29,0:00:21,0:00:40,0:00:23,0:00:34,0:02:45,0:02:24,0:00:24,0:00:40,0:00:37,0:00:33,0:00:48,0:00:35,0:00:47,0:00:44,0:02:42,0:00:42,0:00:31,0:00:39,0:00:59,0:00:27,0:00:43,0:00:45,0:00:45,0:00:42,0:01:04,0:00:40,0:00:31,0:00:47,0:00:31,0:00:33,0:00:42,0:00:46,0:00:59,0:00:43,0:00:40,0:00:39,0:00:56,0:00:47,0:00:34,0:00:41,0:01:17,0:00:56,0:00:31,0:01:09
108,0,0,0:02:33,0,0,0:02:22,0,0,0:08:30,0:00:27,0:06:21,0:00:25,0:00:30,0:00:21,0:00:21,0:00:29,0:00:17,0:00:26,0:06:33,0,0,0:08:49,0:08:22,0:04:45,0:08:41,0:02:44,0:08:27,0:00:34,0:06:40,0:10:37,0:10:35,0:04:32,0:00:38,0:02:42,0:02:35,0:02:42,0:06:42,0:00:45,0:06:39,0:00:42,0,0:03:07,0:02:28,0:00:27,0:04:45,0:00:45,0:00:45,0:03:08,0:04:31,0:10:43,0,0:02:31,0:00:31,0:04:45,0:00:42,0:00:45,0:02:42,0:00:42,0:00:51,0:00:52,0:00:56,0:00:48,0:08:30,0:06:30,0:07:14,0:00:56,0:00:30
109,0,0,0,0,0,0,0,0:00:22,0:00:26,0:00:29,0:08:21,0:00:25,0,0,0,0:00:29,0:00:14,0:06:21,0:04:21,0,0,0:04:32,0:06:46,0:04:46,0:06:35,0,0:02:34,0:02:41,0,0:00:45,0:00:24,0:00:40,0:00:37,0:00:33,0:02:35,0:00:37,0:00:41,0:06:31,0:00:36,0:00:42,0:02:52,0:00:39,0:00:59,0:02:42,0:00:42,0:02:45,0:00:50,0:03:04,0:01:07,0:00:40,0:00:31,0:00:47,0:00:31,0:00:33,0:02:46,0:00:46,0:00:59,0:00:42,0:00:52,0:00:36,0:02:47,0:00:47,0:02:41,0:00:41,0:02:46,0:00:46,0:03:14,0:01:14
1101,0,0,0:04:22,0:00:34,0:00:33,0:00:33,0:00:22,0:00:19,0:00:26,0:00:28,0:00:19,0:00:25,0:02:21,0:04:29,0:00:21,0:02:18,0:00:18,0,0:00:20,0:00:44,0:00:21,0:10:40,0:00:42,0:04:46,0,0:08:45,0:02:34,0:00:29,0:00:41,0:00:45,0:00:27,0:02:37,0:00:37,0:00:52,0:00:38,0:00:35,0:00:41,0:00:44,0:00:36,0:00:42,0:00:31,0:00:39,0:00:59,0:00:27,0:02:45,0:00:45,0:00:45,0:00:42,0:02:40,0:00:40,0:00:31,0:00:47,0:00:35,0:00:33,0:00:42,0:00:46,0:00:59,0:00:42,0:00:40,0:00:36,0:00:56,0:00:47,0:00:34,0:00:41,0:01:17,0:00:56,0:00:31,0:01:09
1102,0,0,0,0:00:33,0:00:33,0:00:33,0:00:22,0:00:22,0:00:26,0:00:29,0:00:24,0:00:25,0:00:30,0:00:21,0:00:21,0:00:29,0:00:13,0:00:27,0:00:20,0:00:44,0:00:21,0:00:33,0:08:24,0,0:06:35,0:02:40,0,0,0:02:45,0:00:45,0:04:36,0:00:40,0:00:38,0,0:00:38,0:04:45,0,0:02:36,0:06:49,0,0:06:46,0,0,0:02:43,0:00:43,0:00:45,0:06:40,0:10:31,0:10:33,0:02:33,0:10:45,0:04:33,0:02:33,0:06:58,0:04:58,0:06:52,0,0:02:52,0:02:36,0:00:52,0:02:47,0:07:17,0:02:41,0:00:41,0:01:17,0:00:55,0:03:09,0:02:47
1103,0,0,0:00:33,0:02:33,0:00:33,0:00:33,0:00:22,0:00:22,0:00:26,0:00:28,0:00:23,0:00:27,0:08:14,0:02:21,0:04:17,0:00:30,0:02:29,0:00:27,0:00:20,0:00:44,0,0:00:40,0,0:04:39,0:00:21,0:00:39,0:00:40,0:00:29,0:00:41,0:00:46,0:00:27,0:00:44,0:00:36,0:00:32,0:00:42,0:00:35,0:00:59,0:00:45,0:02:43,0:00:43,0:00:31,0:00:51,0:00:58,0:00:26,0:00:42,0:00:45,0:00:45,0:00:48,0:01:03,0:00:40,0:00:31,0:00:48,0:00:31,0:00:32,0:00:42,0:00:45,0:00:59,0:00:42,0:00:39,0:00:36,0:00:55,0:00:47,0:02:42,0:00:42,0:01:17,0:00:56,0:00:31,0:01:08
1104,0,0,0:00:34,0:00:33,0:00:33,0:00:32,0:00:33,0:00:22,0:00:26,0:00:28,0:00:19,0:00:24,0:00:30,0,0:00:21,0:00:25,0:10:40,0:00:29,0:10:32,0:00:44,0,0:06:21,0,0:04:46,0:00:21,0,0:02:29,0:00:33,0,0:06:36,0:00:27,0:06:42,0:08:47,0:10:36,0:06:45,0:02:42,0,0,0,0:00:42,0:02:49,0:03:07,0:00:58,0:11:08,0:04:45,0:00:45,0:05:03,0:03:03,0:02:40,0,0:00:31,0:00:46,0:04:43,0:10:51,0:00:42,0:06:51,0,0:02:39,0:00:51,0,0:02:48,0:00:48,0:06:46,0:00:42,0:01:17,0:02:30,0,0:01:08
201,0,0,0,0,0,0:00:32,0:02:22,0,0,0:00:29,0,0:08:24,0,0,0:00:21,0:02:18,0:06:44,0:06:21,0:00:20,0,0:00:21,0:08:50,0:00:42,0:00:29,0,0,0:04:41,0:02:41,0:00:41,0:00:45,0:04:37,0,0:04:42,0:10:36,0,0:00:35,0:04:36,0:04:42,0:02:42,0:00:42,0:04:59,0:10:45,0:06:51,0:02:43,0,0:04:42,0:10:49,0:00:42,0:08:31,0:10:42,0:08:42,0:10:58,0:00:31,0:00:33,0:02:46,0:00:46,0:00:58,0:04:36,0:00:52,0:06:34,0:00:59,0:07:17,0:02:41,0:00:41,0:04:31,0,0:00:31,0:01:14
202,0,0,0,0,0,0,0,0:08:27,0:02:28,0:00:28,0:00:19,0:00:25,0,0:00:21,0:00:21,0:06:19,0:04:20,0,0:06:40,0,0:10:39,0:08:50,0:02:30,0:10:42,0:04:45,0:00:39,0:10:40,0:00:33,0:00:42,0:00:46,0:00:25,0:00:40,0:00:36,0:00:32,0:00:37,0:00:35,0:00:47,0:00:45,0:00:36,0:00:42,0:02:39,0:00:39,0:00:58,0:00:27,0:00:43,0:00:45,0:00:45,0:00:42,0:01:03,0:00:40,0:00:31,0:00:46,0:00:30,0:02:43,0:00:42,0:00:45,0:00:59,0:00:42,0:00:51,0:00:51,0:04:52,0:00:47,0:00:35,0:03:17,0:01:17,0:00:46,0:00:30,0:01:08
203,0,0,0,0,0,0:00:32,0,0:08:12,0:00:26,0:00:28,0,0:04:21,0,0:08:29,0,0:00:30,0:02:26,0:00:29,0,0:00:43,0,0:00:40,0:08:45,0:00:30,0:00:21,0:04:33,0:04:42,0:02:42,0:02:46,0:10:42,0:00:25,0:02:38,0:00:38,0:07:00,0:00:37,0:00:35,0,0:08:49,0:06:49,0:06:58,0:02:49,0:06:43,0:01:07,0,0:00:43,0:00:45,0:02:48,0,0:02:40,0:02:31,0:00:32,0,0:06:45,0:00:33,0,0:00:45,0:00:59,0,0:04:55,0:02:59,0,0:10:30,0:06:56,0:03:17,0:07:13,0:06:46,0:03:08,0:02:46
204,0,0,0,0,0:02:22,0,0:10:13,0:04:28,0:02:29,0:02:19,0,0:00:27,0,0,0:06:27,0:10:21,0,0:06:21,0:02:44,0:00:44,0,0:00:40,0:00:42,0,0:04:23,0:04:34,0,0,0:00:41,0:00:45,0:00:27,0:00:40,0:04:38,0:00:32,0:05:00,0:00:35,0:00:41,0:00:45,0:00:36,0:00:42,0:00:31,0:00:40,0:00:59,0:02:43,0:00:43,0:02:45,0:00:45,0:03:03,0:01:03,0:00:39,0:02:49,0:00:47,0:02:33,0:00:33,0:02:45,0:04:43,0:02:41,0:00:43,0:00:40,0:00:36,0:02:47,0:02:51,0:00:56,0:00:41,0:01:16,0:00:45,0:01:07,0:01:09
205,0,0,0,0,0,0:00:32,0:00:22,0:08:13,0:02:29,0:08:22,0:02:13,0:10:18,0:06:30,0,0:02:25,0:02:14,0,0,0:02:44,0,0:00:21,0:00:33,0:00:43,0:02:21,0:02:46,0:02:40,0:06:45,0:02:41,0:02:45,0:00:45,0:00:27,0:02:37,0:00:37,0:08:44,0:06:44,0:00:35,0:00:59,0:04:43,0:06:39,0:08:28,0,0:00:51,0:01:07,0:04:46,0:06:43,0:00:46,0:00:46,0:04:40,0:01:08,0:00:40,0,0:08:46,0:00:31,0:02:42,0:06:43,0:00:46,0:02:43,0:00:43,0:08:34,0:02:59,0:00:55,0:00:46,0:02:42,0:09:09,0:02:56,0:05:09
206,0,0,0,0,0,0,0:08:23,0:06:19,0,0:10:20,0,0:04:31,0:04:20,0:06:18,0,0,0:10:39,0:00:27,0:04:21,0:00:44,0:00:21,0:08:39,0:02:30,0:06:23,0:00:21,0:08:45,0:06:45,0,0:04:27,0:02:24,0:00:27,0:00:41,0:00:37,0:00:33,0:04:46,0:08:43,0:02:45,0:00:45,0:00:37,0:04:39,0:00:31,0:00:49,0:02:26,0:02:42,0:00:42,0:00:46,0:02:48,0:04:40,0:01:08,0:02:31,0:10:46,0:02:31,0:00:31,0:00:33,0:02:46,0:00:46,0:00:59,0:00:42,0:00:52,0:00:39,0:04:34,0:00:46,0:02:42,0:03:17,0:01:17,0:00:46,0:01:07,0:01:09
207,0,0,0,0,0,0,0:06:28,0,0,0:04:13,0:00:19,0:02:30,0,0,0:06:27,0:10:21,0,0,0,0:02:21,0,0:00:33,0:08:24,0:10:41,0:04:45,0:00:40,0:02:35,0:02:41,0:06:43,0:08:51,0:00:27,0:06:42,0:00:37,0:10:36,0:05:00,0:00:35,0:00:47,0:00:44,0,0:00:43,0:00:31,0:03:07,0:00:59,0:02:43,0:06:42,0:02:45,0:08:32,0:00:42,0,0:00:40,0:00:32,0:00:47,0:10:42,0:04:45,0:02:45,0:02:59,0:00:59,0:00:42,0,0:00:52,0:09:17,0:00:48,0:06:56,0:03:17,0:02:56,0:05:09
208,0,0,0,0,0,0:08:27,0,0:00:22,0,0,0:02:13,0:00:27,0:04:21,0,0:00:21,0:02:14,0:04:20,0,0:02:45,0,0:00:22,0:00:33,0:00:42,0:00:30,0:00:21,0:00:39,0:00:40,0:04:46,0:04:27,0:00:46,0:00:27,0:04:32,0:00:38,0:07:00,0:05:00,0:02:42,0:00:42,0:02:36,0,0:00:42,0:02:49,0:03:07,0:02:46,0:02:43,0:02:45,0:02:45,0:02:42,0:00:47,0:02:40,0:02:31,0:00:31,0:04:33,0:02:33,0:00:33,0:00:48,0:00:45,0:00:59,0:00:42,0:06:47,0:00:52,0:02:48,0:00:47,0:00:56,0:00:41,0:02:46,0:03:07,0:01:07,0:01:09
209,0,0,0,0,0,0,0:10:24,0:00:19,0,0:00:28,0,0:00:24,0,0:00:21,0:00:21,0:00:25,0:00:14,0:06:22,0:00:19,0:02:22,0,0:04:30,0:00:42,0:02:21,0:02:39,0:02:45,0:00:40,0:02:42,0:06:40,0:06:36,0:00:27,0:02:38,0:00:36,0:00:32,0:02:35,0,0:04:36,0:04:42,0,0:00:42,0:00:31,0:00:49,0,0:04:45,0:04:45,0:00:45,0:00:45,0,0:02:40,0:02:31,0:00:31,0:02:34,0:06:45,0:04:45,0:02:45,0:02:59,0:00:59,0:02:51,0:06:47,0:00:39,0:00:56,0:00:47,0:00:35,0,0:05:07,0:00:56,0:00:30,0:02:49
210,0,0,0,0,0,0:00:34,0,0:08:13,0:08:30,0:00:28,0:00:19,0:00:25,0:02:21,0:00:21,0,0:10:30,0:04:19,0,0:02:45,0:00:44,0:00:22,0,0:08:40,0,0:10:46,0:00:39,0,0:06:25,0:02:46,0:00:46,0:00:27,0:00:43,0:00:36,0:08:45,0:00:37,0,0:04:36,0:11:07,0:00:36,0:00:42,0:02:49,0:00:51,0:04:56,0:08:42,0,0:07:03,0:08:32,0:08:46,0:01:03,0:00:40,0:02:48,0:04:33,0:04:43,0:00:33,0:00:42,0:02:59,0:00:59,0:06:56,0:04:56,0:00:39,0:09:17,0:04:42,0:02:42,0:00:42,0:07:13,0:06:49,0:01:07,0:02:46
211,0,0,0,0,0,0,0,0:00:19,0:00:26,0:04:13,0:00:19,0,0,0:00:21,0:00:21,0:10:21,0:00:18,0:00:27,0:08:42,0,0:06:32,0:10:23,0:02:32,0:06:23,0:02:46,0:04:34,0,0:02:41,0:02:45,0,0:00:27,0:08:35,0:10:44,0:00:52,0:02:35,0:00:37,0:01:00,0:06:34,0:02:42,0:00:42,0,0:00:39,0,0:02:43,0:04:50,0:00:45,0:00:45,0:06:31,0:01:04,0:02:31,0:02:49,0:00:47,0,0,0:10:36,0:06:52,0:00:59,0:00:43,0:00:52,0,0:02:47,0:04:41,0:02:41,0:00:41,0:02:46,0:06:47
212,0,0:00:33,0,0,0,0:00:34,0:00:22,0:08:15,0:10:32,0:00:28,0:00:19,0,0:04:21,0:00:22,0:04:17,0,0:02:27,0:02:19,0:02:44,0:00:44,0,0:10:40,0:10:35,0,0:00:21,0:00:39,0:08:27,0:10:36,0:02:46,0:02:25,0:00:25,0:02:36,0,0:10:37,0:00:47,0:08:43,0:02:45,0:00:45,0:00:37,0:00:55,0:02:49,0:02:58,0:04:55,0:04:45,0:00:55,0:04:42,0:08:31,0:03:08,0:01:03,0:04:48,0:06:33,0:04:33,0:00:31,0:00:33,0:00:42,0:02:59,0,0:06:55,0:00:51,0:00:39,0:09:17,0:00:47,0:05:17,0:00:42,0:07:14,0:00:46,0:04:46
213,0,0,0,0,0,0:06:26,0:00:22,0:00:22,0:06:12,0:02:19,0,0:08:24,0,0,0:00:21,0:02:17,0,0:08:40,0:06:40,0:04:40,0,0:02:42,0:08:23,0:00:30,0:04:22,0:00:45,0:02:35,0:02:42,0:06:40,0:02:25,0:00:27,0:04:50,0:00:36,0:06:47,0:05:00,0:02:42,0:04:36,0:06:33,0,0:00:42,0:02:51,0:06:43,0:02:27,0:02:43,0:06:42,0:02:45,0:05:03,0:04:40,0:02:40,0:00:40,0:02:46,0:04:33,0,0:00:33,0:00:48,0:06:51,0:04:51,0:02:51,0:08:35,0:06:52,0:02:47,0:00:48,0:00:35,0:00:42,0:05:07,0,0,0:02:49
214,0,0,0:00:33,0,0,0,0,0:04:28,0:00:26,0:00:28,0:02:27,0:00:25,0,0:00:21,0:04:14,0:00:24,0:00:14,0,0:00:20,0:00:43,0,0:00:33,0:00:42,0:02:21,0:06:34,0:02:45,0,0:06:27,0:04:24,0:00:45,0:00:27,0:00:40,0:06:35,0:00:51,0:00:42,0,0:10:50,0:00:44,0:02:42,0:04:39,0,0:00:52,0:01:07,0:04:45,0:00:42,0,0,0,0,0:00:40,0:00:31,0,0:04:42,0:00:33,0:04:59,0:00:45,0:04:52,0:00:42,0:04:59,0:02:59,0:09:17,0:10:31,0,0:06:31,0,0,0:01:07,0:02:47
215,0,0,0,0,0,0:00:34,0,0:08:25,0:06:13,0:00:28,0:02:13,0,0,0,0:00:21,0:04:27,0,0,0:00:20,0:00:44,0:00:21,0:06:21,0:00:42,0:00:29,0:00:21,0:00:46,0:02:29,0:00:34,0:00:41,0:00:45,0:00:24,0:00:40,0:00:37,0:00:33,0:00:42,0:02:41,0:00:41,0:00:44,0:00:36,0:00:43,0:00:32,0:00:39,0:00:59,0:00:27,0:00:43,0:00:45,0:00:45,0:00:42,0:01:08,0:00:40,0:02:47,0:00:47,0:00:31,0:00:33,0:00:42,0:00:46,0:00:59,0:00:43,0:00:40,0:00:39,0:00:56,0:00:47,0:00:34,0:00:41,0:01:17,0:00:46,0:00:31,0:01:14
216,0,0,0,0:00:33,0,0,0:10:13,0:08:13,0:10:22,0:00:28,0:00:19,0:00:27,0:00:30,0:00:22,0,0:00:30,0:00:18,0:02:19,0:08:43,0:10:21,0:08:21,0:00:33,0,0:00:30,0:00:21,0,0:10:41,0:00:29,0:04:27,0:10:38,0:00:24,0:04:33,0:00:37,0:00:52,0:04:59,0:00:35,0:00:41,0:06:38,0:00:37,0:00:43,0:00:31,0:00:49,0:01:07,0:00:26,0:04:46,0:00:45,0:02:43,0:00:48,0:01:04,0:04:48,0:04:31,0:04:33,0:00:31,0:00:33,0:00:42,0:00:46,0:00:59,0:00:43,0:00:52,0:00:36,0:00:55,0:00:48,0:02:42,0:06:31,0:01:17,0:00:56,0:03:09,0:01:09
217,0,0,0,0,0,0:00:33,0:10:16,0:00:13,0:00:26,0:04:13,0:02:13,0,0:08:18,0,0:04:14,0:06:20,0:00:18,0:06:21,0:00:20,0,0:04:42,0,0:06:50,0:00:29,0:10:45,0:04:34,0:10:40,0:04:45,0:00:41,0:02:24,0:10:35,0,0:00:37,0:00:33,0:00:38,0:06:36,0:02:44,0:02:36,0:00:36,0:04:50,0:02:50,0:03:07,0:00:59,0:00:27,0:02:45,0:00:45,0:00:45,0:04:40,0,0:00:40,0:06:33,0:06:42,0:06:46,0,0:06:42,0:04:43,0:04:52,0:04:36,0:00:40,0:00:36,0:00:56,0:00:47,0,0:03:17,0,0:06:49,0:00:31,0:01:14
301,0,0,0,0:00:32,0:00:32,0:00:32,0:00:33,0:04:29,0:00:26,0:00:29,0,0,0:00:30,0,0:00:21,0,0,0:04:44,0:08:43,0,0,0,0:10:29,0:00:32,0:08:41,0:02:45,0:04:41,0:02:41,0:00:41,0:04:44,0:00:27,0:00:41,0:00:37,0:06:46,0:02:35,0:04:45,0:04:37,0,0:04:33,0,0:10:46,0:00:49,0:02:45,0:00:26,0:04:50,0:00:46,0:02:43,0:03:08,0:01:04,0:10:43,0,0:00:47,0:02:33,0:04:46,0:00:43,0:10:55,0:00:59,0:10:51,0:00:59,0:11:17,0:02:46,0:07:17,0,0:00:42,0:02:56,0:00:46,0,0:02:49
302,0,0:00:32,0:00:32,0:00:32,0:00:32,0:00:32,0,0:08:13,0:00:26,0:06:30,0:02:13,0:00:27,0,0,0,0:00:30,0:00:14,0:00:27,0:00:19,0:00:44,0,0:10:23,0:00:43,0:08:34,0:00:21,0:02:23,0:04:41,0:10:37,0:02:45,0:00:45,0:04:37,0:00:44,0:04:42,0:02:38,0:02:35,0,0:00:41,0:08:39,0:06:39,0:06:58,0,0:00:39,0:01:07,0:00:28,0:00:42,0,0:02:43,0:00:48,0:08:31,0:00:40,0:02:49,0:00:47,0:00:31,0:04:46,0:00:48,0:04:43,0:00:59,0:00:42,0:10:42,0:04:48,0,0:00:46,0:02:42,0:03:17,0:01:17,0:03:07,0:03:14
303,0,0,0,0:00:32,0:00:32,0:02:33,0,0:06:19,0,0:00:28,0,0:00:27,0,0,0,0:02:18,0:06:44,0,0:02:43,0,0:00:21,0,0:00:43,0:00:32,0:00:21,0:00:39,0:00:23,0:00:29,0:00:41,0:02:27,0:00:24,0:00:41,0:00:37,0:02:42,0:00:38,0:00:35,0:00:59,0:00:44,0:04:33,0:02:31,0:02:49,0:00:39,0:02:27,0:00:26,0:00:42,0:00:45,0:02:43,0:00:43,0:01:08,0:00:40,0:00:31,0:02:35,0:04:43,0:00:33,0:00:48,0:02:59,0:02:42,0:00:42,0:00:40,0:02:55,0:00:55,0:02:34,0:00:34,0:04:46,0:01:17,0:02:31,0:00:31,0:01:09
304,0,0,0:02:21,0,0:00:33,0,0:10:27,0:08:25,0:04:20,0:02:24,0:00:20,0:02:30,0:02:31,0:06:17,0:02:24,0,0:10:41,0,0:06:40,0:00:45,0:00:22,0:06:21,0:10:34,0,0,0:00:45,0:04:41,0:08:43,0:00:41,0:00:46,0:00:24,0,0:00:36,0,0:00:42,0:03:00,0:01:00,0:11:07,0:02:42,0:04:49,0:08:43,0:00:51,0:10:47,0:04:45,0:04:45,0,0:08:31,0,0:02:40,0:00:40,0:02:47,0:00:49,0:02:33,0:00:33,0:00:42,0:00:45,0:02:42,0:10:35,0:04:59,0:04:48,0:06:41,0:00:48,0:00:35,0:03:17,0:01:17,0:06:47,0:03:09,0:01:09
305,0:00:33,0,0,0:00:33,0:00:33,0,0:08:19,0:02:26,0:06:12,0,0:00:19,0,0:08:17,0:00:22,0:02:25,0,0:00:17,0,0:08:44,0,0,0:10:23,0,0:02:21,0:04:23,0:00:46,0:00:40,0:04:46,0:00:41,0:04:40,0:00:27,0:00:44,0:00:36,0:00:32,0:00:38,0:00:35,0:02:45,0:00:45,0:00:37,0:00:55,0:00:31,0:00:39,0:00:58,0:00:26,0:04:51,0:00:45,0:00:51,0:00:42,0:01:03,0:06:31,0:00:32,0:00:48,0:00:31,0:00:32,0:02:45,0:02:59,0:00:59,0:04:36,0:00:51,0:02:55,0,0:04:42,0:00:35,0,0:01:17,0:05:14,0,0:01:08
401,0,0,0,0,0,0,0,0:10:30,0:08:30,0:06:30,0,0:02:30,0,0:08:30,0,0:00:24,0:00:14,0:04:44,0:00:20,0:00:44,0:04:42,0:06:21,0:02:32,0:04:46,0:00:21,0:02:40,0:02:34,0:04:45,0:04:27,0:10:38,0:08:38,0:00:40,0,0:00:33,0:05:00,0:02:47,0:06:43,0:00:44,0,0:02:34,0:02:50,0:00:52,0:02:27,0,0:02:45,0:02:45,0:05:08,0:10:31,0:01:08,0:02:32,0:04:35,0:00:47,0:04:42,0:00:33,0:00:48,0:00:45,0:00:59,0:00:43,0:06:47,0:04:47,0:00:56,0:02:34,0:05:17,0:00:41,0:01:17,0:00:56,0:03:09
402,0,0,0,0,0,0,0,0:02:26,0:00:26,0:00:28,0:02:13,0:02:30,0:08:14,0,0:00:21,0,0,0,0:00:19,0:02:21,0,0:00:33,0:00:42,0:00:30,0,0:00:39,0:08:24,0,0:06:44,0:00:45,0:02:44,0,0,0:02:38,0:06:45,0:02:46,0:06:43,0:06:33,0:08:58,0:02:33,0:02:49,0:02:58,0:02:26,0:02:55,0:04:45,0:00:45,0:06:40,0:03:03,0:01:04,0:00:40,0:00:32,0:00:47,0:02:33,0:04:46,0:00:48,0:00:46,0:02:43,0:00:42,0:00:52,0:00:36,0:00:55,0:00:46,0,0:04:56,0:05:07,0,0,0:02:49
403,0,0,0,0,0,0:04:18,0,0,0:00:26,0:00:28,0:00:19,0:10:17,0:06:24,0,0,0,0,0,0:00:19,0,0,0:00:40,0:08:45,0:00:32,0:00:21,0:00:46,0,0:00:33,0,0:06:36,0:02:43,0:04:32,0:00:38,0:10:36,0:00:37,0:00:35,0:04:36,0:08:49,0,0:00:42,0:02:51,0:03:07,0:02:26,0:00:45,0:04:45,0,0:08:32,0:04:40,0:01:03,0:06:31,0:04:31,0:00:46,0:02:33,0:06:59,0:00:48,0:06:39,0:02:42,0:08:47,0:00:51,0:02:55,0:00:55,0:10:30,0:02:42,0:03:17,0:01:17,0:02:30,0:01:07,0:01:08
404,0,0,0,0,0,0,0,0:08:13,0:00:26,0:02:23,0:06:31,0,0:04:21,0,0,0:04:26,0:02:29,0,0:00:19,0:02:22,0:10:45,0:02:42,0:00:42,0:04:45,0:00:21,0:00:45,0:08:27,0:00:34,0:02:49,0:00:46,0:00:27,0:02:36,0:00:36,0:08:45,0:10:42,0:04:45,0:00:42,0:02:36,0:00:36,0:00:55,0:02:39,0:03:07,0:00:58,0:02:43,0:10:40,0:00:45,0:02:42,0:04:40,0:08:31,0:00:40,0:10:45,0:02:31,0:00:31,0:00:33,0:02:45,0:10:56,0:08:56,0:08:47,0:02:37,0,0:02:47,0:00:48,0,0:03:17,0:07:14,0:03:07,0:01:07,0:01:09
405,0,0,0,0,0,0,0:00:22,0:02:26,0,0:02:23,0:00:19,0:06:21,0:00:30,0:06:18,0:04:18,0:08:44,0:00:14,0:00:27,0:06:39,0,0:02:33,0:10:23,0:00:43,0:08:35,0:04:23,0:00:39,0:00:24,0:00:29,0:00:41,0:00:46,0:00:24,0:00:41,0:00:37,0:00:33,0:00:38,0:00:35,0:00:46,0:02:37,0:00:37,0:00:43,0:00:31,0:00:39,0:00:58,0:00:26,0:00:42,0:00:46,0:00:46,0:00:43,0:01:04,0:00:40,0:00:31,0:00:47,0:00:31,0:00:33,0:00:48,0:00:46,0:00:59,0:00:42,0:00:40,0:00:36,0:00:55,0:00:48,0:00:34,0:00:42,0:01:17,0:00:46,0:00:31,0:01:14
406,0,0,0,0,0,0:00:32,0,0:00:23,0:00:26,0,0:06:21,0:02:30,0:04:21,0:04:25,0:08:20,0:04:27,0:04:20,0,0:04:21,0:08:32,0:00:21,0:06:21,0:08:23,0:00:29,0,0:04:34,0:06:45,0:00:29,0:00:41,0:00:45,0:00:27,0:10:47,0:10:44,0:02:38,0:10:43,0:10:34,0:00:41,0:00:44,0,0:06:59,0:02:39,0:00:39,0:01:07,0:08:42,0:06:42,0:00:45,0,0:00:42,0:01:04,0:00:40,0:02:49,0:00:47,0:02:33,0:04:45,0:04:59,0:08:39,0:00:59,0:08:47,0:00:40,0:04:47,0:09:17,0:04:41,0:05:17,0:10:47,0,0:03:07
407,0,0,0,0,0,0,0,0:08:16,0:08:30,0:00:28,0:00:19,0:02:30,0:06:24,0,0,0:00:24,0,0:00:27,0:02:44,0:00:44,0:00:21,0:08:46,0:00:42,0:04:46,0,0:04:34,0:02:34,0:00:30,0:00:41,0,0:08:38,0:00:43,0,0:10:36,0:02:35,0:00:35,0,0:04:42,0:06:52,0:00:42,0:02:52,0:03:07,0:06:45,0:11:04,0:00:55,0:04:42,0:02:47,0:00:47,0:01:04,0:08:33,0:02:24,0:00:47,0,0:08:43,0:06:42,0,0:00:59,0:02:52,0,0:00:52,0:00:56,0:02:34,0:08:31,0:10:47,0:02:46,0,0:01:07,0:01:14
408,0,0,0,0,0,0:00:34,0,0:08:13,0:00:26,0:00:28,0:00:19,0:06:21,0:06:30,0:00:21,0:00:21,0,0:06:44,0,0,0,0,0:00:33,0:00:43,0,0:00:21,0:02:40,0:00:40,0:08:44,0:10:50,0:04:44,0:00:27,0:02:38,0:00:37,0:02:38,0:02:35,0:02:46,0:04:37,0,0:10:28,0:00:56,0,0:03:07,0:08:46,0:00:26,0:06:43,0:00:45,0:05:08,0:04:40,0:04:32,0:00:40,0:04:31,0:06:43,0:00:31,0:10:52,0:00:43,0:08:39,0:06:39,0:02:52,0,0:00:52,0:06:42,0:00:46,0:02:42,0:00:42,0:05:07,0:00:56,0:04:47,0:02:49
409,0,0,0,0,0,0,0,0:08:13,0:00:26,0:00:29,0,0:02:30,0:08:14,0:00:21,0:10:44,0,0,0,0,0:00:44,0:10:54,0:06:21,0,0,0:08:41,0:02:23,0:02:35,0:00:30,0,0:02:27,0:00:27,0:00:40,0:10:44,0:02:48,0:06:44,0:00:35,0,0:08:50,0:00:36,0:08:28,0:04:59,0:00:52,0:10:42,0:00:28,0:00:42,0:08:40,0:02:47,0:00:47,0:01:08,0:02:31,0:06:33,0,0:06:46,0:00:33,0:08:40,0:00:46,0:02:43,0:02:40,0,0,0:00:56,0,0:02:41,0:09:14,0:07:14,0:02:31,0:03:14
410,0,0,0,0,0,0,0:00:22,0,0,0:02:23,0:00:13,0:00:27,0,0:04:29,0,0:00:24,0,0,0:06:39,0:06:42,0:00:21,0:10:23,0:08:40,0:04:46,0:04:45,0:08:49,0,0:10:37,0:06:43,0:00:45,0:00:27,0:02:37,0:00:37,0:00:33,0:00:38,0:00:35,0:04:36,0:04:42,0:00:36,0:02:34,0:10:45,0:00:52,0:02:27,0:02:43,0:02:45,0:00:45,0:02:42,0:10:31,0:01:08,0:04:49,0:00:31,0:04:33,0:06:46,0,0:00:42,0,0,0:00:43,0:00:40,0:06:51,0:00:59,0:08:46,0:00:55,0:07:07,0:07:14,0:03:07,0:01:07,0:02:47
411,0:00:33,0,0:00:33,0,0,0:02:22,0:10:13,0,0:04:19,0,0:02:13,0:10:22,0,0,0,0:02:18,0:08:21,0:10:44,0,0:08:32,0,0:08:46,0:06:46,0:10:41,0:00:21,0:00:39,0:00:40,0:02:41,0:04:24,0:00:46,0:00:24,0:00:41,0:00:37,0:02:38,0:00:38,0:00:35,0:00:59,0:00:45,0:00:37,0:00:56,0:00:31,0:00:39,0:00:58,0:00:26,0:00:42,0:00:45,0:00:45,0:00:48,0:01:04,0:00:40,0:00:31,0:00:47,0:00:31,0:00:33,0:00:43,0:00:46,0:00:59,0:00:43,0:00:40,0:00:39,0:02:46,0:00:46,0:00:55,0:00:42,0:02:46,0:00:46,0:03:09,0:01:09
412,0,0,0,0,0:00:33,0:00:33,0:10:13,0:00:19,0:02:29,0:02:19,0:02:27,0:02:30,0:04:21,0,0,0:08:44,0:02:27,0,0:00:19,0:00:44,0,0:06:21,0:10:34,0,0:00:21,0:00:39,0:00:23,0:00:29,0:00:41,0:00:45,0:00:24,0:00:44,0:00:37,0:00:33,0:00:38,0:00:35,0:00:41,0:02:37,0:00:37,0:00:43,0:02:39,0:00:39,0:00:58,0:00:26,0:00:42,0:00:46,0:00:46,0:03:08,0:01:04,0:00:40,0:00:31,0:00:47,0:00:31,0:00:33,0:00:42,0:00:46,0:00:59,0:00:42,0:00:52,0:00:36,0:00:55,0:00:46,0:00:34,0:00:42,0:01:17,0:00:46,0:00:31,0:01:09
413,0,0,0,0,0,0,0,0:10:29,0:00:25,0,0:02:12,0:02:29,0:00:29,0:02:20,0:04:17,0,0:02:29,0:00:26,0:04:20,0,0,0:00:38,0,0:02:20,0,0:08:44,0,0:04:44,0,0:00:44,0:06:50,0:02:36,0,0:00:50,0:02:34,0:10:33,0:04:35,0:08:49,0,0:00:41,0:04:58,0:00:49,0:10:41,0:04:44,0,0:07:08,0:00:44,0:04:39,0:10:32,0:06:30,0:04:30,0:06:41,0:00:30,0:02:41,0:00:47,0:02:58,0:02:42,0:00:42,0:00:51,0:02:55,0:00:55,0:02:54,0:00:33,0:09:13,0:07:13,0,0:00:30,0:01:08
501,0,0,0,0,0,0:06:25,0:10:13,0:00:22,0:00:26,0:00:27,0:00:20,0,0,0:04:29,0:00:21,0:00:29,0:00:17,0:04:45,0:02:45,0:10:21,0,0:02:42,0:06:45,0:02:21,0,0:00:39,0:02:34,0:00:34,0,0:02:24,0:00:24,0:00:43,0:00:36,0,0:02:35,0:00:35,0:02:45,0,0,0:04:49,0:10:45,0:00:49,0:00:58,0:00:27,0:04:45,0:07:08,0:05:08,0:06:31,0:04:32,0:04:49,0:10:45,0:02:35,0:04:43,0:02:43,0:02:45,0:02:59,0:02:42,0:00:42,0:00:51,0:04:48,0,0:04:41,0:02:41,0:10:47,0:02:56,0,0,0:01:14
502,0,0,0:00:33,0,0,0,0:10:12,0:08:27,0:04:23,0:04:27,0,0:02:30,0:10:26,0,0:10:44,0,0:06:44,0:04:44,0:00:19,0:02:22,0,0:08:50,0:04:21,0:00:32,0,0:02:45,0:00:40,0:00:33,0:04:27,0:00:46,0:00:27,0:00:43,0:08:42,0:08:45,0:00:47,0:00:35,0:01:00,0:00:45,0:04:33,0:02:33,0:00:31,0:03:07,0:00:58,0:08:42,0:00:43,0:07:08,0,0:04:40,0:04:32,0:00:40,0:06:33,0:10:59,0:00:30,0,0:00:48,0,0:10:47,0:02:51,0,0:00:51,0:10:56,0:00:47,0:08:30,0:00:42,0:05:07,0:06:46,0:03:13
503,0,0,0:00:32,0,0,0:00:32,0,0:08:12,0:08:29,0:04:12,0:02:12,0,0:10:27,0,0:04:17,0:00:25,0,0:04:44,0:00:19,0,0,0:06:21,0:04:21,0:10:41,0:06:35,0:00:46,0:00:40,0:00:33,0:00:41,0:02:25,0:04:37,0:00:43,0:00:38,0:06:59,0:04:59,0:02:41,0:00:59,0,0,0:00:43,0:10:45,0:00:49,0:01:07,0:02:42,0,0:08:40,0,0:08:46,0:01:08,0:00:40,0:08:43,0,0:00:31,0:00:33,0:00:42,0:10:55,0:00:59,0:02:51,0:00:40,0:04:47,0,0:00:47,0:05:17,0:00:42,0,0,0:01:07
504,0,0,0:00:33,0,0,0:04:13,0:10:24,0:04:29,0:08:30,0:02:19,0:00:19,0:10:18,0:06:25,0:00:22,0:08:20,0:00:30,0,0:00:30,0:00:19,0:00:44,0,0,0:04:21,0:02:21,0:00:21,0,0:08:27,0:00:34,0,0,0:00:24,0:02:37,0:06:35,0:00:50,0:02:35,0:04:45,0:04:37,0:06:31,0:06:39,0:08:28,0,0:00:51,0:02:45,0:02:42,0:04:46,0:04:43,0:00:46,0:06:31,0:06:47,0:00:40,0:00:31,0:00:47,0:00:31,0:04:46,0:04:59,0:02:59,0:00:59,0:00:42,0:02:39,0:02:55,0:00:55,0,0:00:35,0:00:42,0:02:46,0:05:09,0,0:01:09
505,0,0:00:33,0,0,0,0,0:10:13,0:00:23,0,0:00:29,0,0:08:30,0,0:04:29,0:00:21,0:00:29,0,0,0:08:43,0:06:42,0:00:21,0:10:23,0:00:42,0:02:21,0:04:23,0:00:40,0:02:35,0:02:41,0:04:27,0:06:37,0:04:37,0:00:43,0:00:38,0:08:44,0:00:48,0:00:35,0:01:00,0:08:50,0,0:02:32,0,0:00:52,0:00:59,0:06:45,0:00:43,0:08:40,0:02:42,0:00:47,0:07:10,0:04:47,0:02:47,0:04:33,0:00:31,0:00:33,0:00:42,0:08:36,0:04:52,0:02:52,0:00:52,0:04:48,0:02:48,0,0,0:03:17,0:05:07,0:00:46,0:03:14,0:01:09
506,0,0,0:00:32,0,0,0:02:32,0,0:00:22,0:00:26,0:06:29,0,0:02:29,0:02:22,0,0,0:02:14,0:08:21,0:00:29,0:00:19,0:08:32,0:00:21,0:06:21,0:00:43,0,0:04:40,0:02:23,0,0,0:06:43,0,0:06:32,0:00:43,0:00:36,0:00:32,0:00:38,0:00:35,0:02:45,0,0:04:33,0:06:58,0:05:07,0:00:51,0:02:45,0:00:26,0:04:45,0,0,0:10:31,0:04:32,0:00:40,0:08:43,0:00:47,0:04:42,0:04:45,0:04:59,0:00:45,0:06:36,0:00:42,0:00:51,0:00:52,0:00:55,0:08:46,0:00:52,0:09:08,0:02:46,0:02:31,0:03:08
507,0,0,0,0,0,0,0:08:23,0:00:19,0:06:13,0:06:34,0:00:23,0:04:32,0:04:21,0,0:00:21,0,0,0:06:21,0,0,0:10:46,0,0,0,0:00:21,0:04:29,0:08:24,0,0:08:37,0,0,0:00:44,0:02:50,0:00:33,0:02:35,0:00:35,0:04:36,0:06:31,0:04:33,0:00:56,0:02:39,0:00:49,0:02:26,0:04:45,0:00:42,0:07:04,0:00:46,0:04:40,0:04:32,0:08:33,0:00:31,0,0:04:43,0:02:43,0:00:48,0:00:46,0:00:59,0:00:43,0:00:52,0:02:55,0:04:34,0:00:48,0,0:06:31,0:04:31,0:06:47,0:01:07
508,0,0,0,0,0:00:32,0:04:21,0:00:21,0:00:18,0:06:12,0:00:27,0,0,0:04:20,0:08:29,0:06:26,0:02:13,0,0:04:43,0:00:19,0:00:42,0,0:00:32,0:04:20,0:06:39,0:06:33,0:00:39,0:02:33,0:02:40,0:04:26,0,0:04:36,0,0:04:41,0:04:34,0:04:59,0:06:35,0,0:02:37,0:10:26,0:00:41,0:02:51,0:03:06,0:10:41,0,0:02:44,0:02:44,0,0:00:41,0:01:02,0:00:39,0:02:48,0:02:34,0:02:32,0:04:45,0:10:38,0:06:51,0:00:58,0:08:46,0:04:58,0:00:35,0:04:33,0:00:46,0:02:40,0:06:30,0:07:08,0:00:55
601,0:00:35,0,0,0:06:25,0:00:32,0:00:32,0:00:33,0:00:22,0:04:19,0:10:21,0:02:13,0:00:24,0:00:30,0:00:21,0:00:21,0:00:25,0:02:29,0:00:27,0:04:21,0:00:44,0:10:39,0:10:40,0:04:21,0:08:29,0:00:21,0:00:46,0:02:29,0:06:27,0:08:37,0:02:24,0:00:24,0:00:41,0:00:38,0,0:00:38,0,0,0,0:04:31,0:00:43,0:10:46,0,0:10:48,0,0:00:42,0:07:04,0:00:46,0:00:43,0:01:08,0,0,0:08:46,0,0:02:48,0:06:43,0:00:46,0:00:59,0:02:40,0:00:52,0:02:55,0:00:55,0:02:34,0:06:46,0:04:46,0:01:17,0:00:46,0:04:46,0:02:46
701,0:00:33,0:00:28,0:00:32,0:00:32,0:00:32,0:00:32,0:00:22,0:00:19,0:00:26,0:00:28,0:00:19,0:00:25,0:00:30,0:00:21,0:00:21,0:00:24,0:00:14,0:00:27,0:00:20,0:00:43,0:00:21,0:00:33,0:00:42,0:00:29,0:00:21,0:00:40,0:00:40,0:00:30,0:00:41,0:00:45,0:00:24,0:00:40,0:00:37,0:00:33,0:00:38,0:00:35,0:00:41,0:00:44,0:00:36,0:00:43,0:00:32,0:00:39,0:00:59,0:00:27,0:00:43,0:00:45,0:00:45,0:00:42,0:01:03,0:00:40,0:00:31,0:00:47,0:00:31,0:00:33,0:00:48,0:00:46,0:00:59,0:00:42,0:00:40
702,0,0,0,0,0,0,0,0:08:12,0:00:25,0,0:08:20,0,0:02:20,0:02:20,0:02:23,0:02:13,0:06:43,0,0:04:28,0:02:20,0:00:20,0,0:06:45,0:04:45,0:06:34,0:00:39,0:08:23,0:04:44,0:06:42,0:00:44,0:02:42,0:06:41,0:00:36,0,0,0:04:43,0,0:02:35,0:00:35,0:02:33,0,0:00:51,0:01:06,0:02:41,0:06:41,0:08:39,0:02:46,0:03:08,0:02:39,0:04:48,0:00:30,0:04:32,0:02:33,0:00:32,0:00:41,0,0:08:55,0:00:41,0:04:58,0,0,0:00:46,0:02:40,0:06:30,0:01:16,0:03:06,0,0:02:48
703,0,0,0,0:00:32,0,0,0,0,0:00:25,0,0:10:29,0:00:23,0:04:20,0:08:26,0:00:20,0:00:29,0:00:13,0,0:00:18,0:10:20,0:02:38,0:00:38,0:08:46,0:06:44,0:02:45,0:08:44,0:02:34,0,0:04:26,0:04:40,0:04:36,0:00:40,0:06:34,0:08:43,0:02:34,0:04:43,0,0:04:42,0,0:00:42,0:06:25,0,0:00:57,0:04:44,0,0:00:44,0:06:39,0:03:07,0:01:03,0:04:47,0,0:08:45,0:06:45,0:04:45,0:04:58,0:00:45,0,0:06:58,0:00:39,0:04:45,0:04:33,0:00:47,0:05:16,0:04:45,0:07:08,0:00:55,0:00:30,0:01:08
704,0,0,0,0:02:21,0,0,0:02:22,0,0,0,0:00:23,0,0,0,0:02:30,0:04:27,0,0:00:27,0,0:08:32,0,0:00:40,0:00:43,0:08:34,0,0,0:02:35,0:06:27,0:02:46,0:02:25,0:04:37,0:04:33,0:00:37,0:08:44,0:00:42,0,0:00:59,0:04:43,0,0:00:43,0:08:42,0:03:07,0:06:45,0:04:45,0:09:08,0:02:46,0:08:31,0:06:31,0:01:08,0:06:31,0:00:31,0:06:43,0:04:43,0:00:33,0:00:43,0:00:46,0:02:42,0,0:00:40,0:04:48,0:02:46,0:02:34,0:00:34,0:09:14,0:02:46,0:00:46,0:01:07,0:02:47
705,0,0,0:00:33,0,0,0,0:10:13,0,0:00:26,0:10:21,0:00:23,0:08:30,0:02:21,0:06:18,0:04:18,0,0,0,0:08:43,0:00:44,0:10:46,0:06:21,0:02:29,0:00:32,0,0:04:35,0:00:40,0:02:41,0:02:45,0:00:45,0:00:27,0:00:44,0:00:37,0:00:33,0:02:35,0:00:35,0:00:59,0:02:36,0:00:53,0:00:56,0:02:49,0:00:49,0:00:58,0:00:26,0:00:42,0:00:45,0:00:45,0:00:48,0:01:04,0:00:40,0:00:31,0:00:47,0:02:33,0:00:33,0:00:43,0:00:46,0:00:59,0:00:42,0:00:52,0:00:52,0:00:55,0:00:48,0:00:34,0:00:42,0:01:17,0:00:46,0:00:31,0:02:46
706,0,0,0,0:00:32,0,0,0:10:13,0:06:23,0:10:21,0,0,0,0,0,0:02:24,0:00:24,0:00:18,0:00:27,0:06:39,0:08:32,0:10:54,0,0:00:42,0:00:29,0:00:21,0:02:45,0:00:40,0:00:34,0:02:45,0:08:51,0:08:38,0:00:59,0:02:33,0,0:06:44,0:02:41,0:04:36,0:02:36,0:04:37,0:02:34,0:02:39,0:04:27,0:02:27,0:02:42,0:09:09,0:07:03,0:08:32,0:04:40,0:10:33,0:04:49,0:00:31,0:02:31,0,0:00:33,0:00:42,0,0:00:59,0:04:39,0:02:36,0:02:56,0:04:34,0:02:51,0,0:00:41,0:08:47,0:00:56,0:01:07
707,0,0,0:00:32,0,0:00:32,0:06:25,0,0:00:18,0:08:29,0:00:27,0:04:29,0:00:24,0:00:29,0:00:20,0:04:17,0,0:10:32,0,0:04:20,0,0,0,0:08:44,0,0:02:45,0:06:40,0:06:44,0:02:40,0:08:36,0:04:39,0:02:42,0:00:42,0:00:36,0:00:32,0,0:00:34,0:04:35,0:11:06,0:10:26,0:00:42,0:02:49,0:03:06,0:00:58,0:08:41,0:09:06,0:07:06,0:00:44,0:08:46,0:01:06,0:02:31,0:04:30,0,0:00:30,0:02:41,0:02:45,0:04:42,0:02:41,0:00:41,0:00:51,0:11:16,0:00:55,0,0:00:33,0:03:16,0,0,0:03:13,0:01:13
708,0,0,0,0,0,0:08:28,0,0:08:16,0:00:26,0,0:02:24,0:00:24,0:08:14,0,0,0,0:02:30,0,0:00:20,0:02:21,0:10:46,0:06:21,0:10:33,0,0:00:21,0,0:02:35,0:02:41,0:06:41,0,0:02:41,0:04:33,0:00:38,0:04:35,0:00:42,0:00:35,0:00:41,0:00:45,0:00:37,0:02:31,0:00:31,0:06:42,0:02:28,0:02:55,0:00:42,0:00:45,0:00:46,0:01:06,0:08:31,0:08:33,0:00:31,0:00:47,0:04:43,0:10:40,0:08:52,0:00:46,0,0:02:52,0:02:36,0,0,0:07:17,0:02:42,0:00:42,0:01:17,0:00:56,0:00:31,0:02:49
709,0,0,0,0,0,0,0,0,0:00:26,0:08:21,0:00:23,0:08:29,0,0,0,0:02:17,0:10:33,0,0,0:10:21,0,0,0:02:32,0,0:02:45,0:00:45,0:02:35,0,0:00:41,0:02:24,0:00:24,0:00:40,0:00:36,0:00:32,0:00:37,0:00:35,0:01:00,0:06:33,0:00:36,0:02:33,0:02:49,0:00:49,0:00:58,0:02:43,0:00:56,0:00:45,0:00:45,0:00:47,0:01:03,0:00:40,0:00:32,0:00:47,0:00:31,0:00:33,0:00:42,0:00:45,0:00:59,0:02:51,0:00:39,0:00:52,0:02:47,0:00:48,0:00:35,0:00:41,0:01:17,0:00:56,0:01:07,0:01:09
710,0,0,0,0,0:04:21,0,0:02:19,0:00:14,0,0:08:31,0:02:13,0:02:30,0:00:30,0,0:06:30,0,0:02:30,0,0:06:40,0:10:21,0:06:32,0,0:10:33,0:10:41,0:00:21,0:08:45,0,0:02:41,0:02:45,0:00:45,0:00:24,0,0:00:37,0:06:59,0:02:35,0:06:37,0:00:59,0,0:08:58,0:02:33,0,0:00:51,0:02:45,0:04:45,0:04:50,0:02:50,0:00:46,0,0:01:08,0:02:31,0:10:46,0:02:31,0:06:46,0:04:46,0:00:48,0:04:42,0:10:46,0:02:52,0:06:46,0:06:34,0:04:51,0:02:34,0:06:46,0:03:17,0:07:14,0:03:07,0,0:02:49
801,0:00:32,0:00:32,0:00:28,0:00:28,0:00:32,0:00:32,0:00:22,0:00:14,0:00:26,0:00:28,0:00:13,0:00:24,0:00:30,0:00:21,0:00:21,0:02:14,0:00:14,0:00:27,0:00:19,0:00:44,0:00:21,0:00:33,0:00:43,0:00:30,0:00:21,0:00:39,0:00:40,0:00:29,0:00:41,0:00:46,0:00:25,0:00:41,0:00:37,0:00:33,0:00:38,0:00:35,0:00:41,0:00:45,0:00:37,0:00:43,0:00:31,0:00:39,0:00:58,0:00:26,0:00:42,0:00:45,0:00:46,0:00:43,0:01:04,0:00:40,0:00:31,0:00:47,0:00:31,0:00:33,0:00:43,0:00:46,0:00:59,0:00:42,0:00:52
802,0,0,0,0:02:21,0,0,0:10:12,0:00:13,0:08:29,0:08:21,0,0:02:29,0,0,0,0:08:43,0:00:17,0,0:00:18,0:00:43,0:02:39,0,0:10:33,0:06:22,0:00:20,0:02:22,0,0:00:33,0,0:00:44,0:04:36,0:00:43,0:06:34,0:10:36,0:02:34,0:04:44,0:00:45,0:08:48,0:10:27,0:02:38,0:02:48,0:00:50,0:01:06,0,0:09:07,0:00:45,0:05:07,0:00:47,0:06:46,0:02:31,0:08:42,0:00:46,0:04:42,0:04:45,0:02:45,0:04:42,0:02:41,0:04:38,0,0:02:54,0:10:55,0:00:47,0,0:04:45,0:01:16,0,0:00:30,0:02:48
803,0,0,0,0,0,0,0:10:12,0,0:08:29,0,0:02:12,0,0:04:20,0,0,0:06:18,0:08:20,0:00:29,0:08:42,0,0,0:00:39,0,0:00:29,0:00:20,0:02:22,0:08:26,0,0:04:23,0:08:32,0:10:34,0:10:58,0:00:36,0:04:34,0:10:42,0:00:34,0:06:42,0,0:08:57,0:06:57,0,0:00:38,0:04:41,0:00:25,0:00:54,0:07:07,0:05:07,0:06:30,0:01:07,0:08:32,0,0,0:08:58,0,0,0:00:45,0:00:58,0:00:42,0,0:06:33,0:10:45,0:08:45,0:00:54,0,0:05:06,0:00:45,0:00:30
804,0,0,0,0,0:00:32,0,0,0,0:02:28,0:02:18,0:08:25,0,0:06:24,0:00:21,0:00:20,0,0:00:17,0:00:26,0:02:43,0:00:43,0,0,0:08:22,0,0:00:20,0:02:22,0:08:26,0:02:40,0:02:44,0:02:23,0:04:36,0:02:37,0:06:34,0,0:00:37,0:06:36,0:08:32,0:02:36,0:00:36,0:00:55,0:02:48,0:04:44,0:07:01,0:02:41,0:04:49,0:02:45,0:00:45,0:00:47,0:02:39,0:00:39,0:02:47,0,0:06:45,0:02:42,0:00:42,0:00:45,0:10:45,0:00:42,0:10:41,0:00:51,0,0:04:41,0:02:41,0:00:41,0:08:46,0,0:01:06,0:01:08
805,0,0,0,0,0,0,0,0,0,0,0,0,0,0,0,0,0,0,0,0,0,0,0,0,0,0,0,0,0,0,0,0,0,0,0,0,0,0:04:42,0,0:02:30,0:08:41,0:00:38,0:06:44,0:06:44,0:09:07,0:00:44,0:00:50,0,0:01:02,0:04:47,0:00:30,0,0:00:30,0:04:44,0,0:06:50,0:02:42,0:02:50,0,0:04:46,0:04:34,0:00:46,0:06:45,0,0:01:16,0:00:55,0:00:30,0:08:31,0:10:29,0:04:31,0:06:43,0:00:18,0:04:39,0:04:31,0:02:20,0:10:45,0:06:40,0:06:45,0:02:40,0:02:45,0:10:41,0:08:37,0:00:39,0:06:34,0:00:37,0:04:44
806,0,0,0,0,0,0,0,0:10:29,0:08:29,0,0,0:08:29,0,0:08:26,0:06:29,0:00:23,0:10:40,0,0:00:19,0:06:41,0,0:00:32,0:08:22,0:00:28,0:04:47,0,0:08:26,0:00:33,0:08:36,0:10:41,0:04:37,0:06:37,0:00:36,0:04:34,0:04:46,0:06:35,0:06:41,0:00:43,0:00:35,0,0:04:58,0:03:06,0:10:41,0:08:41,0:06:41,0:02:44,0:02:41,0,0:01:08,0:02:31,0:02:48,0:02:30,0,0:02:41,0:00:47,0:06:51,0:02:42,0:02:51,0:02:38,0:00:38,0:04:50,0:04:40,0:05:16,0:00:40,0,0,0:04:48
807,0,0,0,0,0,0,0:04:25,0,0,0:04:12,0:02:24,0,0:04:20,0:04:28,0,0:04:29,0,0,0:00:19,0:00:44,0:00:20,0:00:39,0:08:22,0,0:06:34,0:02:39,0,0:06:26,0:00:40,0:00:44,0:02:39,0,0:02:49,0:08:43,0,0:10:30,0:04:35,0:11:07,0:04:36,0:02:32,0,0,0:08:44,0:00:27,0:02:44,0:04:41,0:00:44,0:03:02,0,0:02:32,0:04:30,0:02:30,0:02:32,0:08:41,0:04:57,0:00:44,0:08:55,0:08:46,0:06:46,0:04:46,0:02:47,0:08:54,0:06:44,0:00:40,0:05:07,0:00:44,0:04:48
808,0,0,0,0,0,0,0,0,0,0:10:20,0:04:29,0,0,0,0,0:04:29,0:08:20,0:10:42,0,0:00:43,0:10:39,0:00:32,0:06:45,0:10:40,0:04:44,0:10:26,0:04:40,0:06:26,0:00:40,0:02:26,0:02:39,0:04:32,0:04:37,0:04:34,0:06:43,0:02:59,0:00:59,0:04:41,0:08:58,0:00:41,0,0:02:58,0:08:44,0:00:26,0:02:44,0,0:02:46,0:03:08,0:10:32,0:02:30,0:06:32,0,0:02:32,0,0,0:06:51,0:04:51,0:06:58,0:10:40,0:02:55,0:02:47,0:02:33,0:02:40,0:00:40,0,0:03:06,0:01:06,0:02:48
809,0,0:00:32,0,0,0,0,0,0,0,0:04:12,0,0:04:20,0:02:30,0:00:20,0:04:17,0,0:00:17,0:02:19,0,0,0:00:20,0:10:22,0,0:10:40,0,0:10:23,0,0:06:26,0,0:02:26,0:04:36,0:06:37,0,0:04:34,0:04:59,0:04:43,0:04:35,0:06:31,0,0:00:42,0:02:38,0:06:54,0:04:54,0:04:44,0:09:06,0:02:44,0:05:06,0:00:46,0,0:00:39,0:00:31,0,0,0:06:58,0:06:42,0:08:35,0:04:51,0:00:42,0:02:38,0,0:00:55,0:00:46,0:00:50,0:00:40,0:02:55,0:00:55,0:01:13,0:02:48
810,0,0,0,0,0,0,0,0:06:18,0:06:11,0:00:27,0:02:11,0:04:21,0:10:26,0,0,0:04:26,0,0,0:02:43,0:00:43,0,0:00:39,0:08:44,0:08:34,0,0:04:33,0:04:40,0:04:44,0:00:40,0:00:44,0:08:37,0:00:40,0:10:44,0:08:44,0:08:36,0:00:34,0:04:36,0:00:44,0:08:57,0,0:02:50,0:00:50,0:01:06,0:00:27,0:04:49,0:00:45,0:02:42,0:00:47,0:01:07,0:04:47,0:02:47,0:06:41,0:00:30,0,0:02:45,0:02:58,0,0:06:54,0:04:54,0:11:16,0,0:00:47,0:00:33,0:04:45,0:07:13,0:02:30,0:00:30,0:01:08
811,0,0,0,0,0,0,0:06:27,0,0,0:02:18,0,0:06:20,0:02:31,0,0,0,0,0:06:28,0,0:04:38,0,0:02:42,0:10:28,0,0,0:10:26,0:06:44,0,0:04:26,0:02:23,0:04:36,0:08:34,0:00:55,0:06:58,0:10:42,0:00:34,0:06:42,0:00:43,0:06:48,0,0:02:38,0:10:45,0:01:06,0:02:41,0:00:41,0:02:45,0:05:03,0:00:47,0:01:03,0:04:48,0:04:30,0:02:34,0:04:42,0:04:45,0:10:38,0,0:00:58,0,0:04:58,0:02:54,0:02:45,0:02:54,0:02:41,0:04:45,0:07:08,0:03:06,0:04:46,0:01:08
812,0,0,0,0,0,0,0,0,0,0,0,0:08:23,0:02:30,0:08:26,0:08:20,0,0:02:26,0:02:19,0,0:00:44,0:06:31,0:08:38,0:10:33,0:04:38,0:00:19,0:00:38,0:00:39,0:04:44,0:04:26,0,0:04:35,0:10:46,0:00:35,0:00:51,0:02:34,0:02:46,0:04:35,0:00:44,0:06:48,0:00:54,0:08:42,0:00:48,0:00:58,0:02:42,0:02:44,0,0:05:02,0,0:08:34,0:04:48,0:08:41,0:08:44,0:02:32,0:04:44,0:00:47,0:00:44,0:08:55,0:04:35,0:02:35,0:02:55,0,0,0:02:40,0:03:16,0:07:13,0:00:54,0:00:30,0:02:46
813,0,0,0,0,0,0:00:32,0,0,0,0:10:20,0:08:20,0,0:10:25,0:02:20,0:00:20,0:04:28,0:00:16,0:02:18,0,0:02:21,0:02:32,0:08:44,0:10:32,0:08:32,0,0:02:21,0:02:34,0,0:02:45,0:08:31,0:04:35,0,0:06:34,0:02:41,0:00:36,0:04:44,0:06:41,0:02:35,0:06:38,0:02:32,0:02:38,0:00:48,0:06:44,0:08:41,0:02:44,0:07:07,0:10:45,0:00:47,0:02:39,0:00:39,0,0:06:41,0:02:32,0:06:58,0:00:41,0,0:06:35,0:00:41,0,0:00:38,0:04:34,0,0:06:55,0,0:01:16,0:00:55,0:00:29,0:01:07
814,0,0,0,0,0,0,0,0:00:13,0:08:28,0,0:02:11,0:02:28,0:02:31,0:06:13,0:10:43,0:00:24,0:04:18,0,0:00:19,0:00:43,0:08:20,0,0:02:29,0:00:29,0:04:39,0:02:22,0,0:00:28,0:06:42,0:02:24,0:02:39,0:02:36,0:10:44,0:06:45,0,0:02:58,0:00:58,0:06:30,0:04:32,0:02:37,0:00:30,0:00:38,0:00:57,0,0:06:41,0:04:41,0:02:47,0:03:02,0,0,0:02:47,0:06:41,0:00:30,0:02:41,0:00:41,0:06:50,0:00:58,0:02:50,0:06:46,0:00:38,0:04:51,0:04:41,0:00:34,0:03:16,0:01:16,0:00:55,0:01:06
815,0,0,0,0,0,0:00:32,0,0,0,0:06:29,0:04:29,0:02:29,0:02:30,0,0:06:25,0:04:28,0,0:10:41,0:08:41,0:00:44,0,0:00:39,0,0,0:04:43,0:00:38,0:04:40,0,0:10:49,0:00:45,0,0:00:39,0:02:49,0:06:59,0,0:00:34,0:00:59,0:06:32,0,0:00:41,0:00:32,0:06:42,0:01:06,0:02:42,0:00:42,0:00:44,0,0,0,0:00:39,0:04:30,0:02:34,0,0:00:32,0:04:58,0:04:41,0:06:39,0:00:41,0:08:34,0:04:46,0:06:40,0:00:46,0:05:16,0:03:16,0:01:16,0:03:06
816,0,0,0,0,0,0,0:00:21,0,0,0:00:27,0,0,0,0:08:26,0,0:00:29,0,0,0:00:18,0:08:31,0:00:20,0:04:31,0:08:44,0,0,0:02:44,0:04:40,0,0:04:26,0,0:04:36,0:02:36,0:04:37,0:00:32,0:00:46,0,0:04:36,0:04:42,0:04:32,0:00:42,0:02:38,0:06:41,0:01:06,0:02:41,0:04:49,0:00:45,0:05:07,0:06:30,0:01:03,0:00:39,0:06:32,0:08:45,0,0,0:02:45,0:04:41,0:06:38,0:00:42,0:00:51,0:00:51,0:10:55,0:04:41,0:02:41,0:00:41,0:01:16,0,0:01:06,0:01:13
817,0:00:32,0,0,0,0,0,0,0,0,0:08:20,0:04:29,0,0,0:00:20,0,0,0,0:02:19,0:02:43,0:10:20,0,0:00:32,0,0,0:08:40,0,0:06:44,0,0:00:40,0:00:44,0:02:39,0:02:36,0:04:37,0:08:43,0:02:34,0:00:34,0:08:30,0:00:43,0:00:35,0:00:54,0:00:30,0:04:27,0:00:58,0:00:26,0:00:42,0:02:44,0:02:46,0:00:41,0:01:02,0:04:48,0:00:30,0:02:30,0:10:41,0,0,0:04:42,0:00:58,0:10:50,0,0:04:47,0:04:50,0:08:45,0:00:33,0:00:40,0,0:05:13,0,0:01:08
901,0,0,0:00:32,0:04:18,0:00:32,0:00:32,0:00:32,0:00:18,0:00:25,0:00:28,0:02:12,0:00:23,0:00:29,0:00:21,0:00:20,0,0:00:13,0,0:00:18,0,0:00:20,0,0:00:42,0:00:29,0:02:38,0:02:22,0:02:33,0:02:40,0,0:08:49,0:06:49,0:06:41,0:02:51,0:00:49,0,0:02:45,0:04:36,0:08:48,0:04:32,0:02:32,0,0:10:45,0:08:45,0:02:41,0,0:02:45,0:08:31,0:00:42,0:01:07,0,0:00:30,0:00:46,0:00:30,0:04:45,0:02:45,0:04:41,0:04:51,0,0:00:51,0:02:54,0:09:16,0:02:50,0:02:41,0:00:41,0:02:45,0,0:03:13
902,0,0,0:00:32,0:00:32,0:00:32,0:00:32,0:00:21,0:00:21,0:00:25,0:00:28,0:02:12,0:00:26,0:02:21,0:00:21,0:00:20,0:00:24,0:00:17,0:02:18,0:00:19,0:00:43,0:00:20,0:02:43,0:00:42,0:00:29,0:06:33,0:02:22,0:06:45,0:08:40,0:02:48,0:02:23,0,0:02:36,0:06:34,0:02:37,0:00:37,0:06:36,0:00:58,0:02:36,0:02:42,0:08:27,0:06:25,0:08:44,0:00:57,0:00:25,0:00:41,0:07:07,0:02:42,0:04:39,0:06:46,0,0:00:30,0:00:47,0:00:30,0:00:32,0:00:47,0,0:00:58,0:02:51,0:08:33,0:11:16,0:00:54,0:04:41,0:00:54,0:04:45,0,0:03:06,0:04:45
903,0,0,0,0:04:21,0:00:33,0:00:33,0:00:32,0:00:21,0,0:00:27,0:02:12,0:00:27,0:00:29,0:06:16,0:00:20,0,0:02:28,0:10:43,0:00:18,0:04:32,0,0:00:39,0,0:10:41,0:04:44,0:02:21,0:06:45,0:02:41,0:02:45,0:00:45,0:10:34,0:00:39,0:02:49,0:00:31,0:04:59,0:02:46,0:01:10,0:00:46,0,0:02:32,0:02:48,0:00:38,0:00:57,0:02:42,0:00:55,0:02:44,0,0,0:01:07,0:00:39,0:04:29,0:00:45,0:06:44,0:02:41,0,0:06:50,0:00:58,0:04:35,0:02:35,0:02:55,0:04:34,0:02:51,0:00:34,0:00:41,0:05:06,0:06:45,0:03:12
904,0,0,0,0:00:32,0:00:32,0:00:32,0:00:21,0:00:18,0:00:25,0:00:28,0:06:31,0:00:23,0,0:00:21,0:00:20,0:00:29,0:00:17,0:06:20,0:02:43,0:00:43,0:00:20,0:00:39,0:00:42,0:00:31,0:00:20,0:00:38,0:04:40,0,0:02:48,0:00:44,0:02:43,0:00:40,0:00:36,0:02:41,0:04:45,0,0:04:36,0:00:44,0:06:48,0:08:25,0:10:45,0:00:38,0:00:57,0:04:45,0:06:42,0:00:45,0,0:04:39,0,0:10:42,0:02:46,0:02:30,0:02:32,0:00:32,0:08:51,0:08:38,0,0:02:39,0:00:51,0:11:16,0:00:54,0,0:02:41,0:09:08,0:01:16,0:02:30,0:03:08
905,0,0,0:04:13,0:00:32,0:00:32,0:00:32,0:00:32,0:00:21,0:00:25,0:00:27,0:06:30,0:00:26,0:02:21,0:02:20,0,0:00:24,0:10:39,0,0,0,0:00:20,0:08:45,0:08:22,0:00:29,0:04:22,0:02:22,0,0:00:28,0:06:43,0:02:23,0:02:43,0:06:41,0:04:41,0:10:36,0:08:36,0,0:02:44,0:02:36,0:00:52,0:00:55,0,0:10:45,0:02:25,0:02:41,0:00:41,0:04:42,0:08:30,0:04:39,0:02:39,0:00:39,0:04:30,0:00:48,0,0:06:58,0,0:06:51,0:02:42,0:04:38,0:00:51,0:00:35,0:02:45,0,0:00:54,0:00:41,0:04:30,0:00:55,0:04:45
