Feeder Line,1,1,1,1,1,1,1,1,1,2,2,2,2,2,2,2,2,2,2,2,2,2,2,2,2,2,3,3,3,3,3,4,4,4,4,4,4,4,4,4,4,4,4,4,5,5,5,5,5,5,5,5,6,7,7,7,7,7,7,7,7,7,7,8,8,8,8,8,8,8,8,8,8,8,8,8,8,8,8,8,9,9,9,9,9,10,10,10,10,10,10,10,10,10,10,10,10,10,11,11,11,11,,,
HomeSequence,1,2,3,4,5,6,7,8,9,1,2,3,4,5,6,7,8,9,10,11,12,13,14,15,16,17,1,2,3,4,5,1,2,3,4,5,6,7,8,9,10,11,12,13,1,2,3,4,5,6,7,8,1,1,2,3,4,5,6,7,7,8,9,1,2,3,4,5,6,7,8,9,10,11,12,13,14,15,16,17,1,2,3,4,5,1,2,3,4,5,6,7,8,9,10,11,12,13,1,2,3,4,,,
Total annual consumption(KWH),,,3116,52770,4752,4045,5431,5430,5988,3232,3596,3899,3269,4218,3287,5277,4066,4926,3689,3947,3883,3531,4434,5453,4085,44960,5858,4722,4339,3819,39630,4662,5745,3612,4424,54050,3239,3621,3878,5793,3649,3521,5646,5495,4344,5930,4007,5212,5598,5862,3128,4585,36840,5038,5282,5879,4074,5315,4989,41450,,5282,3719,3043,3160,4819,5985,5835,3229,5611,4437,3368,3123,4196,3197,4375,3716,,4395,52210,5378,5907,3548,4476,3398,4945,5923,3101,5085,3101,4918,5991,5554,3374,,3936,4965,4440,4615,4105,3892,3658,,,
Peak Production Capacity (KWH),9.36,79.12,,,,,,,,,,,,,,,,,,,,,,,,,,,,,,,,,,,,,,,,,,,,,,,,,,,,,,,,,,,30,,,,,,,,,,,,,,,,,9.54,,,,,,,,,,,,,,,,,14.4,,,,,,,,,Total Production,Total Consumption
Time,,,,,,,,,,,,,,,,,,,,,,,,,,,,,,,,,,,,,,,,,,,,,,,,,,,,,,,,,,,,,,,,,,,,,,,,,,,,,,,,,,,,,,,,,,,,,,,,,,,,,,,,,
0:00,0,0,0.3,3.8,0.4,0.3,0.5,0.5,0.5,0.3,0.3,0.3,0.3,0.4,0.3,0.5,0.4,0.4,0.3,0.3,0.3,0.3,0.4,0.5,0.4,3.2,0.5,0.4,0.4,0.3,2.8,0.4,0.5,0.3,0.4,3.9,0.3,0.3,0.3,0.5,0.3,0.3,0.5,0.5,0.4,0.5,0.3,0.4,0.5,0.5,0.3,0.4,2.6,0.4,0.5,0.5,0.4,0.5,0.4,3,0,0.5,0.3,0.3,0.3,0.4,0.5,0.5,0.3,0.5,0.4,0.3,0.3,0.4,0.3,0.4,0.3,0,0.4,3.7,0.5,0.5,0.3,0.4,0.3,0.4,0.5,0.3,0.4,0.3,0.4,0.5,0.5,0.3,0,0.3,0.4,0.4,0.4,0.4,0.3,0.3,,0,57.9
0:15,0,0,0.2,3.6,0.4,0.3,0.4,0.4,0.5,0.2,0.3,0.3,0.3,0.3,0.3,0.4,0.3,0.4,0.3,0.3,0.3,0.3,0.3,0.4,0.3,3.1,0.5,0.4,0.3,0.3,2.7,0.4,0.4,0.3,0.3,3.7,0.2,0.3,0.3,0.4,0.3,0.3,0.4,0.4,0.3,0.5,0.3,0.4,0.4,0.5,0.2,0.4,2.5,0.4,0.4,0.5,0.3,0.4,0.4,2.9,0,0.4,0.3,0.2,0.2,0.4,0.5,0.4,0.2,0.4,0.3,0.3,0.2,0.3,0.2,0.3,0.3,0,0.3,3.6,0.4,0.5,0.3,0.3,0.3,0.4,0.5,0.2,0.4,0.2,0.4,0.5,0.4,0.3,0,0.3,0.4,0.3,0.4,0.3,0.3,0.3,,0,52.8
0:30,0,0,0.2,3.5,0.3,0.3,0.4,0.4,0.4,0.2,0.2,0.3,0.2,0.3,0.2,0.4,0.3,0.3,0.3,0.3,0.3,0.2,0.3,0.4,0.3,3,0.4,0.3,0.3,0.3,2.6,0.3,0.4,0.2,0.3,3.6,0.2,0.2,0.3,0.4,0.3,0.2,0.4,0.4,0.3,0.4,0.3,0.4,0.4,0.4,0.2,0.3,2.4,0.3,0.4,0.4,0.3,0.4,0.3,2.7,0,0.4,0.3,0.2,0.2,0.3,0.4,0.4,0.2,0.4,0.3,0.2,0.2,0.3,0.2,0.3,0.3,0,0.3,3.5,0.4,0.4,0.2,0.3,0.2,0.3,0.4,0.2,0.3,0.2,0.3,0.4,0.4,0.2,0,0.3,0.3,0.3,0.3,0.3,0.3,0.3,,0,48.7
0:45,0,0,0.2,3.4,0.3,0.3,0.3,0.3,0.4,0.2,0.2,0.2,0.2,0.3,0.2,0.3,0.3,0.3,0.2,0.2,0.2,0.2,0.3,0.3,0.3,2.9,0.4,0.3,0.3,0.2,2.5,0.3,0.4,0.2,0.3,3.4,0.2,0.2,0.2,0.4,0.2,0.2,0.4,0.3,0.3,0.4,0.3,0.3,0.3,0.4,0.2,0.3,2.3,0.3,0.3,0.4,0.3,0.3,0.3,2.6,0,0.3,0.2,0.2,0.2,0.3,0.4,0.4,0.2,0.4,0.3,0.2,0.2,0.3,0.2,0.3,0.2,0,0.3,3.3,0.3,0.4,0.2,0.3,0.2,0.3,0.4,0.2,0.3,0.2,0.3,0.4,0.3,0.2,0,0.2,0.3,0.3,0.3,0.3,0.2,0.2,,0,45.4
1:00,0,0,0.2,3.2,0.3,0.2,0.3,0.3,0.3,0.2,0.2,0.2,0.2,0.2,0.2,0.3,0.2,0.3,0.2,0.2,0.2,0.2,0.3,0.3,0.2,2.7,0.3,0.3,0.3,0.2,2.4,0.3,0.3,0.2,0.3,3.3,0.2,0.2,0.2,0.3,0.2,0.2,0.3,0.3,0.3,0.3,0.2,0.3,0.3,0.3,0.2,0.3,2.2,0.3,0.3,0.3,0.2,0.3,0.3,2.5,0,0.3,0.2,0.2,0.2,0.3,0.3,0.3,0.2,0.3,0.3,0.2,0.2,0.2,0.2,0.3,0.2,0,0.3,3.2,0.3,0.3,0.2,0.3,0.2,0.3,0.3,0.2,0.3,0.2,0.3,0.3,0.3,0.2,0,0.2,0.3,0.3,0.3,0.2,0.2,0.2,,0,42.3
1:15,0,0,0.2,3.1,0.3,0.2,0.3,0.3,0.3,0.2,0.2,0.2,0.2,0.2,0.2,0.3,0.2,0.3,0.2,0.2,0.2,0.2,0.2,0.3,0.2,2.6,0.3,0.3,0.2,0.2,2.3,0.3,0.3,0.2,0.2,3.2,0.2,0.2,0.2,0.3,0.2,0.2,0.3,0.3,0.2,0.3,0.2,0.3,0.3,0.3,0.2,0.3,2.2,0.3,0.3,0.3,0.2,0.3,0.3,2.4,0,0.3,0.2,0.2,0.2,0.3,0.3,0.3,0.2,0.3,0.2,0.2,0.2,0.2,0.2,0.2,0.2,0,0.2,3.1,0.3,0.3,0.2,0.2,0.2,0.3,0.3,0.2,0.3,0.2,0.3,0.3,0.3,0.2,0,0.2,0.3,0.2,0.3,0.2,0.2,0.2,,0,40.8
1:30,0,0,0.2,3,0.3,0.2,0.3,0.3,0.3,0.2,0.2,0.2,0.2,0.2,0.2,0.3,0.2,0.3,0.2,0.2,0.2,0.2,0.2,0.3,0.2,2.5,0.3,0.3,0.2,0.2,2.2,0.2,0.3,0.2,0.2,3.1,0.2,0.2,0.2,0.3,0.2,0.2,0.3,0.3,0.2,0.3,0.2,0.3,0.3,0.3,0.2,0.2,2.1,0.3,0.3,0.3,0.2,0.3,0.3,2.3,0,0.3,0.2,0.2,0.2,0.3,0.3,0.3,0.2,0.3,0.2,0.2,0.2,0.2,0.2,0.2,0.2,0,0.2,3,0.3,0.3,0.2,0.2,0.2,0.3,0.3,0.2,0.3,0.2,0.3,0.3,0.3,0.2,0,0.2,0.3,0.2,0.2,0.2,0.2,0.2,,0,39.8
1:45,0,0,0.2,2.9,0.2,0.2,0.3,0.3,0.3,0.2,0.2,0.2,0.2,0.2,0.2,0.3,0.2,0.3,0.2,0.2,0.2,0.2,0.2,0.3,0.2,2.5,0.3,0.2,0.2,0.2,2.2,0.2,0.3,0.2,0.2,3,0.2,0.2,0.2,0.3,0.2,0.2,0.3,0.3,0.2,0.3,0.2,0.3,0.3,0.3,0.2,0.2,2,0.3,0.3,0.3,0.2,0.3,0.3,2.3,0,0.3,0.2,0.2,0.2,0.3,0.3,0.3,0.2,0.3,0.2,0.2,0.2,0.2,0.2,0.2,0.2,0,0.2,2.9,0.3,0.3,0.2,0.2,0.2,0.3,0.3,0.2,0.3,0.2,0.3,0.3,0.3,0.2,0,0.2,0.3,0.2,0.2,0.2,0.2,0.2,,0,39.2
2:00,0,0,0.2,2.9,0.2,0.2,0.3,0.3,0.3,0.2,0.2,0.2,0.2,0.2,0.2,0.3,0.2,0.3,0.2,0.2,0.2,0.2,0.2,0.3,0.2,2.4,0.3,0.2,0.2,0.2,2.1,0.2,0.3,0.2,0.2,2.9,0.2,0.2,0.2,0.3,0.2,0.2,0.3,0.3,0.2,0.3,0.2,0.3,0.3,0.3,0.2,0.2,2,0.3,0.3,0.3,0.2,0.3,0.3,2.2,0,0.3,0.2,0.2,0.2,0.2,0.3,0.3,0.2,0.3,0.2,0.2,0.2,0.2,0.2,0.2,0.2,0,0.2,2.8,0.3,0.3,0.2,0.2,0.2,0.3,0.3,0.2,0.3,0.2,0.3,0.3,0.3,0.2,0,0.2,0.3,0.2,0.2,0.2,0.2,0.2,,0,38.6
2:15,0,0,0.2,2.8,0.2,0.2,0.3,0.3,0.3,0.2,0.2,0.2,0.2,0.2,0.2,0.3,0.2,0.2,0.2,0.2,0.2,0.2,0.2,0.3,0.2,2.4,0.3,0.2,0.2,0.2,2.1,0.2,0.3,0.2,0.2,2.9,0.2,0.2,0.2,0.3,0.2,0.2,0.3,0.3,0.2,0.3,0.2,0.3,0.3,0.3,0.2,0.2,2,0.3,0.3,0.3,0.2,0.3,0.3,2.2,0,0.3,0.2,0.2,0.2,0.2,0.3,0.3,0.2,0.3,0.2,0.2,0.2,0.2,0.2,0.2,0.2,0,0.2,2.8,0.3,0.3,0.2,0.2,0.2,0.2,0.3,0.2,0.3,0.2,0.2,0.3,0.3,0.2,0,0.2,0.2,0.2,0.2,0.2,0.2,0.2,,0,38.1
2:30,0,0,0.2,2.8,0.2,0.2,0.3,0.3,0.3,0.2,0.2,0.2,0.2,0.2,0.2,0.3,0.2,0.2,0.2,0.2,0.2,0.2,0.2,0.3,0.2,2.4,0.3,0.2,0.2,0.2,2.1,0.2,0.3,0.2,0.2,2.9,0.2,0.2,0.2,0.3,0.2,0.2,0.3,0.3,0.2,0.3,0.2,0.3,0.3,0.3,0.2,0.2,2,0.2,0.3,0.3,0.2,0.3,0.2,2.2,0,0.3,0.2,0.1,0.2,0.2,0.3,0.3,0.2,0.3,0.2,0.2,0.2,0.2,0.2,0.2,0.2,0,0.2,2.8,0.3,0.3,0.2,0.2,0.2,0.2,0.3,0.2,0.3,0.2,0.2,0.3,0.3,0.2,0,0.2,0.2,0.2,0.2,0.2,0.2,0.2,,0,37.8
2:45,0,0,0.2,2.8,0.2,0.2,0.3,0.3,0.3,0.2,0.2,0.2,0.2,0.2,0.2,0.3,0.2,0.2,0.2,0.2,0.2,0.2,0.2,0.3,0.2,2.4,0.3,0.2,0.2,0.2,2.1,0.2,0.3,0.2,0.2,2.9,0.2,0.2,0.2,0.3,0.2,0.2,0.3,0.3,0.2,0.3,0.2,0.3,0.3,0.3,0.2,0.2,2,0.2,0.3,0.3,0.2,0.3,0.2,2.2,0,0.3,0.2,0.1,0.2,0.2,0.3,0.3,0.2,0.3,0.2,0.2,0.2,0.2,0.2,0.2,0.2,0,0.2,2.8,0.3,0.3,0.2,0.2,0.2,0.2,0.3,0.1,0.2,0.1,0.2,0.3,0.3,0.2,0,0.2,0.2,0.2,0.2,0.2,0.2,0.2,,0,37.5
3:00,0,0,0.1,2.8,0.2,0.2,0.3,0.3,0.3,0.2,0.2,0.2,0.2,0.2,0.2,0.3,0.2,0.2,0.2,0.2,0.2,0.2,0.2,0.3,0.2,2.4,0.3,0.2,0.2,0.2,2.1,0.2,0.3,0.2,0.2,2.9,0.2,0.2,0.2,0.3,0.2,0.2,0.3,0.3,0.2,0.3,0.2,0.2,0.3,0.3,0.1,0.2,2,0.2,0.3,0.3,0.2,0.3,0.2,2.2,0,0.3,0.2,0.1,0.2,0.2,0.3,0.3,0.2,0.3,0.2,0.2,0.1,0.2,0.2,0.2,0.2,0,0.2,2.8,0.3,0.3,0.2,0.2,0.2,0.2,0.3,0.1,0.2,0.1,0.2,0.3,0.3,0.2,0,0.2,0.2,0.2,0.2,0.2,0.2,0.2,,0,37.1
3:15,0,0,0.1,2.8,0.2,0.2,0.3,0.3,0.3,0.2,0.2,0.2,0.2,0.2,0.2,0.2,0.2,0.2,0.2,0.2,0.2,0.2,0.2,0.3,0.2,2.4,0.3,0.2,0.2,0.2,2.1,0.2,0.3,0.2,0.2,2.9,0.2,0.2,0.2,0.3,0.2,0.2,0.3,0.3,0.2,0.3,0.2,0.2,0.3,0.3,0.1,0.2,2,0.2,0.2,0.3,0.2,0.2,0.2,2.2,0,0.2,0.2,0.1,0.1,0.2,0.3,0.3,0.2,0.3,0.2,0.2,0.1,0.2,0.1,0.2,0.2,0,0.2,2.8,0.3,0.3,0.2,0.2,0.2,0.2,0.3,0.1,0.2,0.1,0.2,0.3,0.3,0.2,0,0.2,0.2,0.2,0.2,0.2,0.2,0.2,,0,36.5
3:30,0,0,0.1,2.9,0.2,0.2,0.3,0.3,0.3,0.2,0.2,0.2,0.2,0.2,0.2,0.2,0.2,0.2,0.2,0.2,0.2,0.2,0.2,0.3,0.2,2.4,0.3,0.2,0.2,0.2,2.1,0.2,0.3,0.2,0.2,2.9,0.2,0.2,0.2,0.3,0.2,0.2,0.3,0.3,0.2,0.3,0.2,0.2,0.3,0.3,0.1,0.2,2,0.2,0.2,0.3,0.2,0.2,0.2,2.2,0,0.2,0.2,0.1,0.1,0.2,0.3,0.3,0.2,0.3,0.2,0.2,0.1,0.2,0.1,0.2,0.2,0,0.2,2.8,0.3,0.3,0.2,0.2,0.2,0.2,0.3,0.1,0.2,0.1,0.2,0.3,0.3,0.2,0,0.2,0.2,0.2,0.2,0.2,0.2,0.2,,0,36.6
3:45,0,0,0.1,3,0.2,0.2,0.3,0.3,0.3,0.2,0.2,0.2,0.2,0.2,0.2,0.2,0.2,0.2,0.2,0.2,0.2,0.2,0.2,0.3,0.2,2.5,0.3,0.2,0.2,0.2,2.2,0.2,0.3,0.2,0.2,3,0.2,0.2,0.2,0.3,0.2,0.2,0.3,0.3,0.2,0.3,0.2,0.2,0.3,0.3,0.1,0.2,2.1,0.2,0.2,0.3,0.2,0.2,0.2,2.3,0,0.2,0.2,0.1,0.1,0.2,0.3,0.3,0.2,0.3,0.2,0.2,0.1,0.2,0.1,0.2,0.2,0,0.2,2.9,0.3,0.3,0.2,0.2,0.2,0.2,0.3,0.1,0.2,0.1,0.2,0.3,0.3,0.2,0,0.2,0.2,0.2,0.2,0.2,0.2,0.2,,0,37.3
4:00,0,0,0.1,3.1,0.2,0.2,0.3,0.3,0.3,0.2,0.2,0.2,0.2,0.2,0.2,0.2,0.2,0.2,0.2,0.2,0.2,0.2,0.2,0.3,0.2,2.7,0.3,0.2,0.2,0.2,2.4,0.2,0.3,0.2,0.2,3.2,0.2,0.2,0.2,0.3,0.2,0.2,0.3,0.3,0.2,0.3,0.2,0.2,0.3,0.3,0.1,0.2,2.2,0.2,0.2,0.3,0.2,0.3,0.2,2.5,0,0.2,0.2,0.1,0.1,0.2,0.3,0.3,0.2,0.3,0.2,0.2,0.1,0.2,0.2,0.2,0.2,0,0.2,3.1,0.3,0.3,0.2,0.2,0.2,0.2,0.3,0.1,0.2,0.1,0.2,0.3,0.3,0.2,0,0.2,0.2,0.2,0.2,0.2,0.2,0.2,,0,38.7
4:15,0,0,0.1,3.3,0.2,0.2,0.3,0.3,0.3,0.2,0.2,0.2,0.2,0.2,0.2,0.3,0.2,0.2,0.2,0.2,0.2,0.2,0.2,0.3,0.2,2.8,0.3,0.2,0.2,0.2,2.5,0.2,0.3,0.2,0.2,3.4,0.2,0.2,0.2,0.3,0.2,0.2,0.3,0.3,0.2,0.3,0.2,0.3,0.3,0.3,0.2,0.2,2.3,0.2,0.3,0.3,0.2,0.3,0.2,2.6,0,0.3,0.2,0.1,0.2,0.2,0.3,0.3,0.2,0.3,0.2,0.2,0.1,0.2,0.2,0.2,0.2,0,0.2,3.3,0.3,0.3,0.2,0.2,0.2,0.2,0.3,0.1,0.2,0.1,0.2,0.3,0.3,0.2,0,0.2,0.2,0.2,0.2,0.2,0.2,0.2,,0,40.3
4:30,0,0,0.2,3.5,0.2,0.2,0.3,0.3,0.3,0.2,0.2,0.2,0.2,0.2,0.2,0.3,0.2,0.2,0.2,0.2,0.2,0.2,0.2,0.3,0.2,3,0.3,0.2,0.2,0.2,2.7,0.2,0.3,0.2,0.2,3.6,0.2,0.2,0.2,0.3,0.2,0.2,0.3,0.3,0.2,0.3,0.2,0.3,0.3,0.3,0.2,0.2,2.5,0.2,0.3,0.3,0.2,0.3,0.2,2.8,0,0.3,0.2,0.2,0.2,0.2,0.3,0.3,0.2,0.3,0.2,0.2,0.2,0.2,0.2,0.2,0.2,0,0.2,3.5,0.3,0.3,0.2,0.2,0.2,0.2,0.3,0.2,0.3,0.2,0.2,0.3,0.3,0.2,0,0.2,0.2,0.2,0.2,0.2,0.2,0.2,,0,42.3
4:45,0,0,0.2,3.7,0.2,0.2,0.3,0.3,0.3,0.2,0.2,0.2,0.2,0.2,0.2,0.3,0.2,0.3,0.2,0.2,0.2,0.2,0.2,0.3,0.2,3.2,0.3,0.2,0.2,0.2,2.8,0.2,0.3,0.2,0.2,3.8,0.2,0.2,0.2,0.3,0.2,0.2,0.3,0.3,0.2,0.3,0.2,0.3,0.3,0.3,0.2,0.2,2.6,0.3,0.3,0.3,0.2,0.3,0.3,2.9,0,0.3,0.2,0.2,0.2,0.2,0.3,0.3,0.2,0.3,0.2,0.2,0.2,0.2,0.2,0.2,0.2,0,0.2,3.7,0.3,0.3,0.2,0.2,0.2,0.3,0.3,0.2,0.3,0.2,0.2,0.3,0.3,0.2,0,0.2,0.3,0.2,0.2,0.2,0.2,0.2,,0,43.9
5:00,0,0,0.2,3.8,0.3,0.2,0.3,0.3,0.3,0.2,0.2,0.2,0.2,0.2,0.2,0.3,0.2,0.3,0.2,0.2,0.2,0.2,0.2,0.3,0.2,3.2,0.3,0.2,0.2,0.2,2.8,0.2,0.3,0.2,0.2,3.9,0.2,0.2,0.2,0.3,0.2,0.2,0.3,0.3,0.2,0.3,0.2,0.3,0.3,0.3,0.2,0.2,2.6,0.3,0.3,0.3,0.2,0.3,0.3,3,0,0.3,0.2,0.2,0.2,0.3,0.3,0.3,0.2,0.3,0.2,0.2,0.2,0.2,0.2,0.2,0.2,0,0.2,3.7,0.3,0.3,0.2,0.2,0.2,0.3,0.3,0.2,0.3,0.2,0.3,0.3,0.3,0.2,0,0.2,0.3,0.2,0.2,0.2,0.2,0.2,,0,44.5
5:15,0,0,0.2,3.8,0.3,0.2,0.3,0.3,0.3,0.2,0.2,0.2,0.2,0.2,0.2,0.3,0.2,0.3,0.2,0.2,0.2,0.2,0.2,0.3,0.2,3.2,0.3,0.3,0.2,0.2,2.8,0.3,0.3,0.2,0.2,3.9,0.2,0.2,0.2,0.3,0.2,0.2,0.3,0.3,0.2,0.3,0.2,0.3,0.3,0.3,0.2,0.3,2.6,0.3,0.3,0.3,0.2,0.3,0.3,3,0,0.3,0.2,0.2,0.2,0.3,0.3,0.3,0.2,0.3,0.2,0.2,0.2,0.2,0.2,0.2,0.2,0,0.2,3.7,0.3,0.3,0.2,0.2,0.2,0.3,0.3,0.2,0.3,0.2,0.3,0.3,0.3,0.2,0,0.2,0.3,0.2,0.3,0.2,0.2,0.2,,0,44.9
5:30,0,0,0.2,3.8,0.3,0.2,0.3,0.3,0.4,0.2,0.2,0.2,0.2,0.3,0.2,0.3,0.2,0.3,0.2,0.2,0.2,0.2,0.3,0.3,0.2,3.2,0.4,0.3,0.3,0.2,2.8,0.3,0.3,0.2,0.3,3.8,0.2,0.2,0.2,0.4,0.2,0.2,0.3,0.3,0.3,0.4,0.2,0.3,0.3,0.4,0.2,0.3,2.6,0.3,0.3,0.4,0.2,0.3,0.3,3,0,0.3,0.2,0.2,0.2,0.3,0.4,0.4,0.2,0.3,0.3,0.2,0.2,0.3,0.2,0.3,0.2,0,0.3,3.7,0.3,0.4,0.2,0.3,0.2,0.3,0.4,0.2,0.3,0.2,0.3,0.4,0.3,0.2,0,0.2,0.3,0.3,0.3,0.2,0.2,0.2,,0,47
5:45,0,0,0.2,3.7,0.3,0.3,0.4,0.4,0.4,0.2,0.2,0.3,0.2,0.3,0.2,0.4,0.3,0.3,0.3,0.3,0.3,0.2,0.3,0.4,0.3,3.2,0.4,0.3,0.3,0.3,2.8,0.3,0.4,0.2,0.3,3.8,0.2,0.2,0.3,0.4,0.2,0.2,0.4,0.4,0.3,0.4,0.3,0.4,0.4,0.4,0.2,0.3,2.6,0.3,0.4,0.4,0.3,0.4,0.3,2.9,0,0.4,0.3,0.2,0.2,0.3,0.4,0.4,0.2,0.4,0.3,0.2,0.2,0.3,0.2,0.3,0.3,0,0.3,3.7,0.4,0.4,0.2,0.3,0.2,0.3,0.4,0.2,0.3,0.2,0.3,0.4,0.4,0.2,0,0.3,0.3,0.3,0.3,0.3,0.3,0.2,,0,49.9
6:00,0,0,0.2,3.8,0.4,0.3,0.4,0.4,0.5,0.3,0.3,0.3,0.3,0.3,0.3,0.4,0.3,0.4,0.3,0.3,0.3,0.3,0.4,0.4,0.3,3.2,0.5,0.4,0.3,0.3,2.8,0.4,0.5,0.3,0.4,3.9,0.3,0.3,0.3,0.5,0.3,0.3,0.4,0.4,0.3,0.5,0.3,0.4,0.4,0.5,0.2,0.4,2.6,0.4,0.4,0.5,0.3,0.4,0.4,3,0,0.4,0.3,0.2,0.3,0.4,0.5,0.5,0.3,0.4,0.4,0.3,0.2,0.3,0.3,0.3,0.3,0,0.3,3.7,0.4,0.5,0.3,0.4,0.3,0.4,0.5,0.2,0.4,0.2,0.4,0.5,0.4,0.3,0,0.3,0.4,0.4,0.4,0.3,0.3,0.3,,0,55
6:15,0,0,0.3,3.9,0.4,0.4,0.5,0.5,0.6,0.3,0.3,0.4,0.3,0.4,0.3,0.5,0.4,0.5,0.3,0.4,0.4,0.3,0.4,0.5,0.4,3.3,0.5,0.4,0.4,0.4,2.9,0.4,0.5,0.3,0.4,4,0.3,0.3,0.4,0.5,0.3,0.3,0.5,0.5,0.4,0.5,0.4,0.5,0.5,0.5,0.3,0.4,2.7,0.5,0.5,0.5,0.4,0.5,0.5,3,0,0.5,0.3,0.3,0.3,0.4,0.6,0.5,0.3,0.5,0.4,0.3,0.3,0.4,0.3,0.4,0.3,0,0.4,3.8,0.5,0.5,0.3,0.4,0.3,0.5,0.5,0.3,0.5,0.3,0.5,0.6,0.5,0.3,0,0.4,0.5,0.4,0.4,0.4,0.4,0.3,,0,60.5
6:30,0,0.2,0.3,4,0.5,0.4,0.6,0.6,0.6,0.3,0.4,0.4,0.3,0.4,0.3,0.6,0.4,0.5,0.4,0.4,0.4,0.4,0.5,0.6,0.4,3.4,0.6,0.5,0.5,0.4,3,0.5,0.6,0.4,0.5,4.1,0.3,0.4,0.4,0.6,0.4,0.4,0.6,0.6,0.5,0.6,0.4,0.5,0.6,0.6,0.3,0.5,2.8,0.5,0.6,0.6,0.4,0.6,0.5,3.1,0.1,0.6,0.4,0.3,0.3,0.5,0.6,0.6,0.3,0.6,0.5,0.4,0.3,0.4,0.3,0.5,0.4,0,0.5,4,0.6,0.6,0.4,0.5,0.4,0.5,0.6,0.3,0.5,0.3,0.5,0.6,0.6,0.4,0,0.4,0.5,0.5,0.5,0.4,0.4,0.4,,0.3,66.4
6:45,0.1,1.1,0.4,4.2,0.5,0.5,0.6,0.6,0.7,0.4,0.4,0.5,0.4,0.5,0.4,0.6,0.5,0.6,0.4,0.5,0.4,0.4,0.5,0.6,0.5,3.6,0.7,0.5,0.5,0.4,3.2,0.5,0.7,0.4,0.5,4.3,0.4,0.4,0.4,0.7,0.4,0.4,0.7,0.6,0.5,0.7,0.5,0.6,0.6,0.7,0.4,0.5,3,0.6,0.6,0.7,0.5,0.6,0.6,3.3,0.4,0.6,0.4,0.4,0.4,0.6,0.7,0.7,0.4,0.6,0.5,0.4,0.4,0.5,0.4,0.5,0.4,0.1,0.5,4.2,0.6,0.7,0.4,0.5,0.4,0.6,0.7,0.4,0.6,0.4,0.6,0.7,0.6,0.4,0.2,0.5,0.6,0.5,0.5,0.5,0.5,0.4,,1.9,72.5
7:00,0.3,2.5,0.4,4.6,0.6,0.5,0.7,0.7,0.7,0.4,0.4,0.5,0.4,0.5,0.4,0.7,0.5,0.6,0.5,0.5,0.5,0.4,0.5,0.7,0.5,3.9,0.7,0.6,0.5,0.5,3.4,0.6,0.7,0.4,0.5,4.7,0.4,0.4,0.5,0.7,0.5,0.4,0.7,0.7,0.5,0.7,0.5,0.6,0.7,0.7,0.4,0.6,3.2,0.6,0.7,0.7,0.5,0.7,0.6,3.6,0.9,0.7,0.5,0.4,0.4,0.6,0.7,0.7,0.4,0.7,0.5,0.4,0.4,0.5,0.4,0.5,0.5,0.3,0.5,4.5,0.7,0.7,0.4,0.6,0.4,0.6,0.7,0.4,0.6,0.4,0.6,0.7,0.7,0.4,0.4,0.5,0.6,0.5,0.6,0.5,0.5,0.5,,4.4,77.2
7:15,0.5,4.1,0.4,5,0.6,0.5,0.7,0.7,0.8,0.4,0.5,0.5,0.4,0.5,0.4,0.7,0.5,0.6,0.5,0.5,0.5,0.5,0.6,0.7,0.5,4.3,0.8,0.6,0.6,0.5,3.8,0.6,0.7,0.5,0.6,5.1,0.4,0.5,0.5,0.7,0.5,0.5,0.7,0.7,0.6,0.8,0.5,0.7,0.7,0.8,0.4,0.6,3.5,0.6,0.7,0.8,0.5,0.7,0.6,3.9,1.6,0.7,0.5,0.4,0.4,0.6,0.8,0.8,0.4,0.7,0.6,0.4,0.4,0.5,0.4,0.6,0.5,0.5,0.6,5,0.7,0.8,0.5,0.6,0.4,0.6,0.8,0.4,0.7,0.4,0.6,0.8,0.7,0.4,0.8,0.5,0.6,0.6,0.6,0.5,0.5,0.5,,7.5,82.5
7:30,0.7,6.2,0.4,5.6,0.6,0.5,0.7,0.7,0.8,0.4,0.5,0.5,0.4,0.6,0.4,0.7,0.5,0.7,0.5,0.5,0.5,0.5,0.6,0.7,0.5,4.8,0.8,0.6,0.6,0.5,4.2,0.6,0.8,0.5,0.6,5.7,0.4,0.5,0.5,0.8,0.5,0.5,0.7,0.7,0.6,0.8,0.5,0.7,0.7,0.8,0.4,0.6,3.9,0.7,0.7,0.8,0.5,0.7,0.7,4.4,2.3,0.7,0.5,0.4,0.4,0.6,0.8,0.8,0.4,0.7,0.6,0.4,0.4,0.6,0.4,0.6,0.5,0.7,0.6,5.5,0.7,0.8,0.5,0.6,0.4,0.7,0.8,0.4,0.7,0.4,0.6,0.8,0.7,0.4,1.1,0.5,0.7,0.6,0.6,0.5,0.5,0.5,,11,86.9
7:45,1,8.5,0.4,6.4,0.6,0.5,0.7,0.7,0.8,0.4,0.5,0.5,0.4,0.6,0.4,0.7,0.5,0.7,0.5,0.5,0.5,0.5,0.6,0.7,0.6,5.4,0.8,0.6,0.6,0.5,4.8,0.6,0.8,0.5,0.6,6.5,0.4,0.5,0.5,0.8,0.5,0.5,0.8,0.7,0.6,0.8,0.5,0.7,0.8,0.8,0.4,0.6,4.4,0.7,0.7,0.8,0.5,0.7,0.7,5,3.2,0.7,0.5,0.4,0.4,0.6,0.8,0.8,0.4,0.8,0.6,0.5,0.4,0.6,0.4,0.6,0.5,1,0.6,6.3,0.7,0.8,0.5,0.6,0.5,0.7,0.8,0.4,0.7,0.4,0.7,0.8,0.7,0.5,1.5,0.5,0.7,0.6,0.6,0.6,0.5,0.5,,15.2,92.5
8:00,1.3,11.2,0.4,7.3,0.7,0.6,0.7,0.7,0.8,0.4,0.5,0.5,0.5,0.6,0.5,0.7,0.6,0.7,0.5,0.5,0.5,0.5,0.6,0.8,0.6,6.2,0.8,0.7,0.6,0.5,5.5,0.6,0.8,0.5,0.6,7.4,0.4,0.5,0.5,0.8,0.5,0.5,0.8,0.8,0.6,0.8,0.6,0.7,0.8,0.8,0.4,0.6,5.1,0.7,0.7,0.8,0.6,0.7,0.7,5.7,4.2,0.7,0.5,0.4,0.4,0.7,0.8,0.8,0.4,0.8,0.6,0.5,0.4,0.6,0.4,0.6,0.5,1.3,0.6,7.2,0.7,0.8,0.5,0.6,0.5,0.7,0.8,0.4,0.7,0.4,0.7,0.8,0.8,0.5,2,0.5,0.7,0.6,0.6,0.6,0.5,0.5,,20,99.3
8:15,1.7,14.1,0.4,8.2,0.7,0.6,0.8,0.8,0.8,0.5,0.5,0.5,0.5,0.6,0.5,0.7,0.6,0.7,0.5,0.6,0.5,0.5,0.6,0.8,0.6,7,0.8,0.7,0.6,0.5,6.2,0.7,0.8,0.5,0.6,8.4,0.5,0.5,0.5,0.8,0.5,0.5,0.8,0.8,0.6,0.8,0.6,0.7,0.8,0.8,0.4,0.6,5.8,0.7,0.7,0.8,0.6,0.7,0.7,6.5,5.3,0.7,0.5,0.4,0.4,0.7,0.8,0.8,0.5,0.8,0.6,0.5,0.4,0.6,0.4,0.6,0.5,1.7,0.6,8.2,0.8,0.8,0.5,0.6,0.5,0.7,0.8,0.4,0.7,0.4,0.7,0.8,0.8,0.5,2.6,0.6,0.7,0.6,0.6,0.6,0.5,0.5,,25.4,106.1
8:30,2,17.3,0.4,9.2,0.7,0.6,0.8,0.8,0.9,0.5,0.5,0.6,0.5,0.6,0.5,0.8,0.6,0.7,0.5,0.6,0.6,0.5,0.6,0.8,0.6,7.8,0.8,0.7,0.6,0.5,6.9,0.7,0.8,0.5,0.6,9.4,0.5,0.5,0.6,0.8,0.5,0.5,0.8,0.8,0.6,0.8,0.6,0.7,0.8,0.8,0.4,0.7,6.4,0.7,0.8,0.8,0.6,0.8,0.7,7.2,6.5,0.8,0.5,0.4,0.5,0.7,0.9,0.8,0.5,0.8,0.6,0.5,0.4,0.6,0.5,0.6,0.5,2.1,0.6,9.1,0.8,0.8,0.5,0.6,0.5,0.7,0.8,0.4,0.7,0.4,0.7,0.9,0.8,0.5,3.1,0.6,0.7,0.6,0.7,0.6,0.6,0.5,,31,113.3
8:45,2.4,20.6,0.5,9.9,0.7,0.6,0.8,0.8,0.9,0.5,0.5,0.6,0.5,0.6,0.5,0.8,0.6,0.7,0.5,0.6,0.6,0.5,0.6,0.8,0.6,8.4,0.8,0.7,0.6,0.6,7.4,0.7,0.8,0.5,0.6,10.1,0.5,0.5,0.6,0.8,0.5,0.5,0.8,0.8,0.6,0.9,0.6,0.8,0.8,0.8,0.5,0.7,6.9,0.7,0.8,0.9,0.6,0.8,0.7,7.7,7.8,0.8,0.5,0.4,0.5,0.7,0.9,0.8,0.5,0.8,0.6,0.5,0.5,0.6,0.5,0.6,0.5,2.5,0.6,9.8,0.8,0.9,0.5,0.6,0.5,0.7,0.9,0.4,0.7,0.4,0.7,0.9,0.8,0.5,3.8,0.6,0.7,0.6,0.7,0.6,0.6,0.5,,37.1,118.4
9:00,2.9,24.2,0.5,10.3,0.7,0.6,0.8,0.8,0.9,0.5,0.5,0.6,0.5,0.6,0.5,0.8,0.6,0.7,0.5,0.6,0.6,0.5,0.6,0.8,0.6,8.8,0.9,0.7,0.6,0.6,7.7,0.7,0.8,0.5,0.6,10.5,0.5,0.5,0.6,0.8,0.5,0.5,0.8,0.8,0.6,0.9,0.6,0.8,0.8,0.9,0.5,0.7,7.2,0.7,0.8,0.9,0.6,0.8,0.7,8.1,9.2,0.8,0.5,0.4,0.5,0.7,0.9,0.8,0.5,0.8,0.6,0.5,0.5,0.6,0.5,0.6,0.5,2.9,0.6,10.2,0.8,0.9,0.5,0.7,0.5,0.7,0.9,0.5,0.7,0.5,0.7,0.9,0.8,0.5,4.4,0.6,0.7,0.6,0.7,0.6,0.6,0.5,,43.6,121.5
9:15,3.3,27.9,0.5,10.5,0.7,0.6,0.8,0.8,0.9,0.5,0.5,0.6,0.5,0.6,0.5,0.8,0.6,0.7,0.5,0.6,0.6,0.5,0.6,0.8,0.6,8.9,0.8,0.7,0.6,0.6,7.9,0.7,0.8,0.5,0.6,10.7,0.5,0.5,0.6,0.8,0.5,0.5,0.8,0.8,0.6,0.9,0.6,0.8,0.8,0.8,0.5,0.7,7.3,0.7,0.8,0.9,0.6,0.8,0.7,8.2,10.6,0.8,0.5,0.4,0.5,0.7,0.9,0.8,0.5,0.8,0.6,0.5,0.5,0.6,0.5,0.6,0.5,3.4,0.6,10.4,0.8,0.9,0.5,0.6,0.5,0.7,0.9,0.4,0.7,0.4,0.7,0.9,0.8,0.5,5.1,0.6,0.7,0.6,0.7,0.6,0.6,0.5,,50.3,122.1
9:30,3.8,31.8,0.4,10.5,0.7,0.6,0.8,0.8,0.9,0.5,0.5,0.6,0.5,0.6,0.5,0.8,0.6,0.7,0.5,0.6,0.6,0.5,0.6,0.8,0.6,9,0.8,0.7,0.6,0.5,7.9,0.7,0.8,0.5,0.6,10.8,0.5,0.5,0.6,0.8,0.5,0.5,0.8,0.8,0.6,0.9,0.6,0.7,0.8,0.8,0.4,0.7,7.4,0.7,0.8,0.8,0.6,0.8,0.7,8.3,12,0.8,0.5,0.4,0.5,0.7,0.9,0.8,0.5,0.8,0.6,0.5,0.4,0.6,0.5,0.6,0.5,3.8,0.6,10.4,0.8,0.8,0.5,0.6,0.5,0.7,0.9,0.4,0.7,0.4,0.7,0.9,0.8,0.5,5.8,0.6,0.7,0.6,0.7,0.6,0.6,0.5,,57.2,121.8
9:45,4.2,35.7,0.4,10.6,0.7,0.6,0.8,0.8,0.9,0.5,0.5,0.6,0.5,0.6,0.5,0.8,0.6,0.7,0.5,0.6,0.6,0.5,0.6,0.8,0.6,9,0.8,0.7,0.6,0.5,7.9,0.7,0.8,0.5,0.6,10.8,0.5,0.5,0.6,0.8,0.5,0.5,0.8,0.8,0.6,0.8,0.6,0.7,0.8,0.8,0.4,0.7,7.4,0.7,0.8,0.8,0.6,0.8,0.7,8.3,13.5,0.8,0.5,0.4,0.4,0.7,0.9,0.8,0.5,0.8,0.6,0.5,0.4,0.6,0.5,0.6,0.5,4.3,0.6,10.4,0.8,0.8,0.5,0.6,0.5,0.7,0.8,0.4,0.7,0.4,0.7,0.9,0.8,0.5,6.5,0.6,0.7,0.6,0.7,0.6,0.6,0.5,,64.2,121.6
10:00,4.7,39.6,0.4,10.6,0.7,0.6,0.8,0.8,0.8,0.5,0.5,0.5,0.5,0.6,0.5,0.7,0.6,0.7,0.5,0.6,0.5,0.5,0.6,0.8,0.6,9,0.8,0.7,0.6,0.5,7.9,0.7,0.8,0.5,0.6,10.8,0.5,0.5,0.5,0.8,0.5,0.5,0.8,0.8,0.6,0.8,0.6,0.7,0.8,0.8,0.4,0.6,7.4,0.7,0.7,0.8,0.6,0.7,0.7,8.3,15,0.7,0.5,0.4,0.4,0.7,0.8,0.8,0.5,0.8,0.6,0.5,0.4,0.6,0.5,0.6,0.5,4.8,0.6,10.5,0.8,0.8,0.5,0.6,0.5,0.7,0.8,0.4,0.7,0.4,0.7,0.8,0.8,0.5,7.2,0.6,0.7,0.6,0.6,0.6,0.5,0.5,,71.3,120.4
10:15,5.2,43.6,0.4,10.7,0.7,0.6,0.8,0.8,0.8,0.5,0.5,0.5,0.5,0.6,0.5,0.7,0.6,0.7,0.5,0.6,0.5,0.5,0.6,0.8,0.6,9.1,0.8,0.7,0.6,0.5,8,0.7,0.8,0.5,0.6,10.9,0.5,0.5,0.5,0.8,0.5,0.5,0.8,0.8,0.6,0.8,0.6,0.7,0.8,0.8,0.4,0.6,7.4,0.7,0.7,0.8,0.6,0.7,0.7,8.4,16.5,0.7,0.5,0.4,0.4,0.7,0.8,0.8,0.5,0.8,0.6,0.5,0.4,0.6,0.4,0.6,0.5,5.3,0.6,10.5,0.8,0.8,0.5,0.6,0.5,0.7,0.8,0.4,0.7,0.4,0.7,0.8,0.8,0.5,7.9,0.5,0.7,0.6,0.6,0.6,0.5,0.5,,78.5,120.7
10:30,5.6,47.5,0.4,10.7,0.7,0.6,0.8,0.8,0.8,0.4,0.5,0.5,0.5,0.6,0.5,0.7,0.6,0.7,0.5,0.5,0.5,0.5,0.6,0.8,0.6,9.2,0.8,0.7,0.6,0.5,8.1,0.6,0.8,0.5,0.6,11,0.4,0.5,0.5,0.8,0.5,0.5,0.8,0.8,0.6,0.8,0.6,0.7,0.8,0.8,0.4,0.6,7.5,0.7,0.7,0.8,0.6,0.7,0.7,8.4,18,0.7,0.5,0.4,0.4,0.7,0.8,0.8,0.4,0.8,0.6,0.5,0.4,0.6,0.4,0.6,0.5,5.7,0.6,10.6,0.7,0.8,0.5,0.6,0.5,0.7,0.8,0.4,0.7,0.4,0.7,0.8,0.8,0.5,8.6,0.5,0.7,0.6,0.6,0.6,0.5,0.5,,85.4,120.6
10:45,6.1,51.3,0.4,10.8,0.7,0.6,0.8,0.8,0.8,0.4,0.5,0.5,0.5,0.6,0.5,0.7,0.6,0.7,0.5,0.5,0.5,0.5,0.6,0.8,0.6,9.2,0.8,0.7,0.6,0.5,8.1,0.6,0.8,0.5,0.6,11.1,0.4,0.5,0.5,0.8,0.5,0.5,0.8,0.8,0.6,0.8,0.6,0.7,0.8,0.8,0.4,0.6,7.6,0.7,0.7,0.8,0.6,0.7,0.7,8.5,19.5,0.7,0.5,0.4,0.4,0.7,0.8,0.8,0.4,0.8,0.6,0.5,0.4,0.6,0.4,0.6,0.5,6.2,0.6,10.7,0.7,0.8,0.5,0.6,0.5,0.7,0.8,0.4,0.7,0.4,0.7,0.8,0.8,0.5,9.3,0.5,0.7,0.6,0.6,0.6,0.5,0.5,,92.4,121.1
11:00,6.5,55,0.4,11,0.7,0.6,0.8,0.8,0.8,0.4,0.5,0.5,0.5,0.6,0.5,0.7,0.6,0.7,0.5,0.5,0.5,0.5,0.6,0.8,0.6,9.3,0.8,0.7,0.6,0.5,8.2,0.6,0.8,0.5,0.6,11.2,0.4,0.5,0.5,0.8,0.5,0.5,0.8,0.8,0.6,0.8,0.6,0.7,0.8,0.8,0.4,0.6,7.6,0.7,0.7,0.8,0.6,0.7,0.7,8.6,20.9,0.7,0.5,0.4,0.4,0.7,0.8,0.8,0.4,0.8,0.6,0.5,0.4,0.6,0.4,0.6,0.5,6.6,0.6,10.8,0.7,0.8,0.5,0.6,0.5,0.7,0.8,0.4,0.7,0.4,0.7,0.8,0.8,0.5,10,0.5,0.7,0.6,0.6,0.6,0.5,0.5,,99,121.8
11:15,6.9,58.6,0.4,11,0.7,0.6,0.8,0.8,0.8,0.5,0.5,0.5,0.5,0.6,0.5,0.7,0.6,0.7,0.5,0.6,0.5,0.5,0.6,0.8,0.6,9.4,0.8,0.7,0.6,0.5,8.3,0.7,0.8,0.5,0.6,11.3,0.5,0.5,0.5,0.8,0.5,0.5,0.8,0.8,0.6,0.8,0.6,0.7,0.8,0.8,0.4,0.6,7.7,0.7,0.7,0.8,0.6,0.7,0.7,8.7,22.2,0.7,0.5,0.4,0.4,0.7,0.8,0.8,0.5,0.8,0.6,0.5,0.4,0.6,0.4,0.6,0.5,7.1,0.6,10.9,0.8,0.8,0.5,0.6,0.5,0.7,0.8,0.4,0.7,0.4,0.7,0.8,0.8,0.5,10.7,0.6,0.7,0.6,0.6,0.6,0.5,0.5,,105.5,123.1
11:30,7.3,62,0.4,11.1,0.7,0.6,0.8,0.8,0.9,0.5,0.5,0.6,0.5,0.6,0.5,0.8,0.6,0.7,0.5,0.6,0.6,0.5,0.6,0.8,0.6,9.4,0.8,0.7,0.6,0.5,8.3,0.7,0.8,0.5,0.6,11.3,0.5,0.5,0.6,0.8,0.5,0.5,0.8,0.8,0.6,0.8,0.6,0.7,0.8,0.8,0.4,0.7,7.7,0.7,0.8,0.8,0.6,0.8,0.7,8.7,23.5,0.8,0.5,0.4,0.5,0.7,0.9,0.8,0.5,0.8,0.6,0.5,0.4,0.6,0.5,0.6,0.5,7.5,0.6,10.9,0.8,0.8,0.5,0.6,0.5,0.7,0.8,0.4,0.7,0.4,0.7,0.9,0.8,0.5,11.3,0.6,0.7,0.6,0.7,0.6,0.6,0.5,,111.6,124.7
11:45,7.7,65.1,0.5,11,0.7,0.6,0.8,0.8,0.9,0.5,0.5,0.6,0.5,0.6,0.5,0.8,0.6,0.7,0.5,0.6,0.6,0.5,0.6,0.8,0.6,9.4,0.9,0.7,0.6,0.6,8.3,0.7,0.8,0.5,0.6,11.3,0.5,0.5,0.6,0.8,0.5,0.5,0.8,0.8,0.6,0.9,0.6,0.8,0.8,0.9,0.5,0.7,7.7,0.7,0.8,0.9,0.6,0.8,0.7,8.6,24.7,0.8,0.5,0.4,0.5,0.7,0.9,0.9,0.5,0.8,0.7,0.5,0.5,0.6,0.5,0.6,0.5,7.9,0.6,10.9,0.8,0.9,0.5,0.7,0.5,0.7,0.9,0.5,0.7,0.5,0.7,0.9,0.8,0.5,11.9,0.6,0.7,0.7,0.7,0.6,0.6,0.5,,117.3,126.2
12:00,8.1,68.1,0.5,10.8,0.7,0.6,0.8,0.8,0.9,0.5,0.5,0.6,0.5,0.6,0.5,0.8,0.6,0.7,0.6,0.6,0.6,0.5,0.7,0.8,0.6,9.2,0.9,0.7,0.7,0.6,8.1,0.7,0.9,0.5,0.7,11.1,0.5,0.5,0.6,0.9,0.6,0.5,0.9,0.8,0.7,0.9,0.6,0.8,0.8,0.9,0.5,0.7,7.6,0.8,0.8,0.9,0.6,0.8,0.8,8.5,25.8,0.8,0.6,0.5,0.5,0.7,0.9,0.9,0.5,0.9,0.7,0.5,0.5,0.6,0.5,0.7,0.6,8.2,0.7,10.7,0.8,0.9,0.5,0.7,0.5,0.7,0.9,0.5,0.8,0.5,0.7,0.9,0.8,0.5,12.4,0.6,0.8,0.7,0.7,0.6,0.6,0.6,,122.6,127
12:15,8.4,70.7,0.5,10.6,0.7,0.6,0.9,0.9,0.9,0.5,0.6,0.6,0.5,0.7,0.5,0.8,0.6,0.8,0.6,0.6,0.6,0.6,0.7,0.9,0.6,9,0.9,0.7,0.7,0.6,7.9,0.7,0.9,0.6,0.7,10.8,0.5,0.6,0.6,0.9,0.6,0.6,0.9,0.9,0.7,0.9,0.6,0.8,0.9,0.9,0.5,0.7,7.4,0.8,0.8,0.9,0.6,0.8,0.8,8.3,26.8,0.8,0.6,0.5,0.5,0.8,0.9,0.9,0.5,0.9,0.7,0.5,0.5,0.7,0.5,0.7,0.6,8.5,0.7,10.4,0.8,0.9,0.6,0.7,0.5,0.8,0.9,0.5,0.8,0.5,0.8,0.9,0.9,0.5,12.9,0.6,0.8,0.7,0.7,0.6,0.6,0.6,,127.3,127.2
12:30,8.6,73,0.5,10.2,0.8,0.7,0.9,0.9,1,0.5,0.6,0.6,0.5,0.7,0.5,0.8,0.7,0.8,0.6,0.6,0.6,0.6,0.7,0.9,0.7,8.7,0.9,0.8,0.7,0.6,7.7,0.7,0.9,0.6,0.7,10.5,0.5,0.6,0.6,0.9,0.6,0.6,0.9,0.9,0.7,1,0.6,0.8,0.9,0.9,0.5,0.7,7.1,0.8,0.8,0.9,0.7,0.9,0.8,8,27.7,0.8,0.6,0.5,0.5,0.8,1,0.9,0.5,0.9,0.7,0.5,0.5,0.7,0.5,0.7,0.6,8.8,0.7,10.1,0.9,0.9,0.6,0.7,0.5,0.8,1,0.5,0.8,0.5,0.8,1,0.9,0.5,13.3,0.6,0.8,0.7,0.7,0.7,0.6,0.6,,131.4,126.5
12:45,8.9,75.1,0.5,9.9,0.8,0.7,0.9,0.9,1,0.5,0.6,0.6,0.5,0.7,0.5,0.9,0.7,0.8,0.6,0.6,0.6,0.6,0.7,0.9,0.7,8.4,1,0.8,0.7,0.6,7.4,0.8,0.9,0.6,0.7,10.1,0.5,0.6,0.6,0.9,0.6,0.6,0.9,0.9,0.7,1,0.7,0.8,0.9,1,0.5,0.7,6.9,0.8,0.9,1,0.7,0.9,0.8,7.7,28.5,0.9,0.6,0.5,0.5,0.8,1,0.9,0.5,0.9,0.7,0.5,0.5,0.7,0.5,0.7,0.6,9,0.7,9.8,0.9,1,0.6,0.7,0.6,0.8,1,0.5,0.8,0.5,0.8,1,0.9,0.5,13.7,0.6,0.8,0.7,0.7,0.7,0.6,0.6,,135.2,125.4
13:00,9.1,76.7,0.5,9.5,0.8,0.6,0.9,0.9,1,0.5,0.6,0.6,0.5,0.7,0.5,0.8,0.7,0.8,0.6,0.6,0.6,0.6,0.7,0.9,0.7,8.1,0.9,0.8,0.7,0.6,7.1,0.7,0.9,0.6,0.7,9.7,0.5,0.6,0.6,0.9,0.6,0.6,0.9,0.9,0.7,1,0.6,0.8,0.9,0.9,0.5,0.7,6.6,0.8,0.8,0.9,0.7,0.9,0.8,7.5,29.1,0.8,0.6,0.5,0.5,0.8,1,0.9,0.5,0.9,0.7,0.5,0.5,0.7,0.5,0.7,0.6,9.3,0.7,9.4,0.9,0.9,0.6,0.7,0.5,0.8,1,0.5,0.8,0.5,0.8,1,0.9,0.5,14,0.6,0.8,0.7,0.7,0.7,0.6,0.6,,138.2,122
13:15,9.2,78,0.5,9.2,0.7,0.6,0.8,0.8,0.9,0.5,0.6,0.6,0.5,0.7,0.5,0.8,0.6,0.8,0.6,0.6,0.6,0.6,0.7,0.9,0.6,7.8,0.9,0.7,0.7,0.6,6.9,0.7,0.9,0.6,0.7,9.4,0.5,0.6,0.6,0.9,0.6,0.5,0.9,0.9,0.7,0.9,0.6,0.8,0.9,0.9,0.5,0.7,6.4,0.8,0.8,0.9,0.6,0.8,0.8,7.2,29.6,0.8,0.6,0.5,0.5,0.8,0.9,0.9,0.5,0.9,0.7,0.5,0.5,0.7,0.5,0.7,0.6,9.4,0.7,9.1,0.8,0.9,0.6,0.7,0.5,0.8,0.9,0.5,0.8,0.5,0.8,0.9,0.9,0.5,14.2,0.6,0.8,0.7,0.7,0.6,0.6,0.6,,140.4,118.5
13:30,9.3,79,0.5,8.9,0.7,0.6,0.8,0.8,0.9,0.5,0.5,0.6,0.5,0.6,0.5,0.8,0.6,0.7,0.6,0.6,0.6,0.5,0.7,0.8,0.6,7.6,0.9,0.7,0.7,0.6,6.7,0.7,0.9,0.5,0.7,9.1,0.5,0.5,0.6,0.9,0.5,0.5,0.8,0.8,0.7,0.9,0.6,0.8,0.8,0.9,0.5,0.7,6.2,0.8,0.8,0.9,0.6,0.8,0.7,7,29.9,0.8,0.6,0.5,0.5,0.7,0.9,0.9,0.5,0.8,0.7,0.5,0.5,0.6,0.5,0.7,0.6,9.5,0.7,8.8,0.8,0.9,0.5,0.7,0.5,0.7,0.9,0.5,0.8,0.5,0.7,0.9,0.8,0.5,14.4,0.6,0.7,0.7,0.7,0.6,0.6,0.5,,142.1,114.7
13:45,9.4,79.5,0.4,8.7,0.7,0.6,0.8,0.8,0.9,0.5,0.5,0.6,0.5,0.6,0.5,0.8,0.6,0.7,0.5,0.6,0.6,0.5,0.6,0.8,0.6,7.4,0.8,0.7,0.6,0.5,6.5,0.7,0.8,0.5,0.6,8.9,0.5,0.5,0.6,0.8,0.5,0.5,0.8,0.8,0.6,0.9,0.6,0.8,0.8,0.8,0.5,0.7,6.1,0.7,0.8,0.8,0.6,0.8,0.7,6.8,30.2,0.8,0.5,0.4,0.5,0.7,0.9,0.8,0.5,0.8,0.6,0.5,0.4,0.6,0.5,0.6,0.5,9.6,0.6,8.6,0.8,0.9,0.5,0.6,0.5,0.7,0.9,0.4,0.7,0.4,0.7,0.9,0.8,0.5,14.5,0.6,0.7,0.6,0.7,0.6,0.6,0.5,,143.2,110.8
14:00,9.4,79.7,0.4,8.6,0.7,0.6,0.8,0.8,0.8,0.4,0.5,0.5,0.5,0.6,0.5,0.7,0.6,0.7,0.5,0.5,0.5,0.5,0.6,0.8,0.6,7.3,0.8,0.7,0.6,0.5,6.5,0.6,0.8,0.5,0.6,8.8,0.4,0.5,0.5,0.8,0.5,0.5,0.8,0.8,0.6,0.8,0.6,0.7,0.8,0.8,0.4,0.6,6,0.7,0.7,0.8,0.6,0.7,0.7,6.8,30.2,0.7,0.5,0.4,0.4,0.7,0.8,0.8,0.4,0.8,0.6,0.5,0.4,0.6,0.4,0.6,0.5,9.6,0.6,8.5,0.7,0.8,0.5,0.6,0.5,0.7,0.8,0.4,0.7,0.4,0.7,0.8,0.8,0.5,14.5,0.5,0.7,0.6,0.6,0.6,0.5,0.5,,143.4,107.6
14:15,9.4,79.5,0.4,8.6,0.6,0.5,0.7,0.7,0.8,0.4,0.5,0.5,0.4,0.6,0.4,0.7,0.5,0.7,0.5,0.5,0.5,0.5,0.6,0.7,0.5,7.4,0.8,0.6,0.6,0.5,6.5,0.6,0.8,0.5,0.6,8.8,0.4,0.5,0.5,0.8,0.5,0.5,0.8,0.7,0.6,0.8,0.5,0.7,0.7,0.8,0.4,0.6,6,0.7,0.7,0.8,0.5,0.7,0.7,6.8,30.1,0.7,0.5,0.4,0.4,0.6,0.8,0.8,0.4,0.7,0.6,0.4,0.4,0.6,0.4,0.6,0.5,9.6,0.6,8.5,0.7,0.8,0.5,0.6,0.5,0.7,0.8,0.4,0.7,0.4,0.7,0.8,0.7,0.5,14.5,0.5,0.7,0.6,0.6,0.5,0.5,0.5,,143.1,105.8
14:30,9.3,78.9,0.4,8.7,0.6,0.5,0.7,0.7,0.8,0.4,0.5,0.5,0.4,0.5,0.4,0.7,0.5,0.6,0.5,0.5,0.5,0.5,0.6,0.7,0.5,7.4,0.8,0.6,0.6,0.5,6.6,0.6,0.7,0.5,0.6,8.9,0.4,0.5,0.5,0.7,0.5,0.5,0.7,0.7,0.6,0.8,0.5,0.7,0.7,0.8,0.4,0.6,6.1,0.7,0.7,0.8,0.5,0.7,0.6,6.9,29.9,0.7,0.5,0.4,0.4,0.6,0.8,0.8,0.4,0.7,0.6,0.4,0.4,0.5,0.4,0.6,0.5,9.5,0.6,8.6,0.7,0.8,0.5,0.6,0.4,0.6,0.8,0.4,0.7,0.4,0.6,0.8,0.7,0.4,14.4,0.5,0.6,0.6,0.6,0.5,0.5,0.5,,142,105.2
14:45,9.2,77.9,0.4,8.9,0.6,0.5,0.7,0.7,0.8,0.4,0.5,0.5,0.4,0.5,0.4,0.7,0.5,0.6,0.5,0.5,0.5,0.4,0.6,0.7,0.5,7.6,0.7,0.6,0.5,0.5,6.7,0.6,0.7,0.5,0.6,9.1,0.4,0.5,0.5,0.7,0.5,0.4,0.7,0.7,0.5,0.7,0.5,0.7,0.7,0.7,0.4,0.6,6.2,0.6,0.7,0.7,0.5,0.7,0.6,7,29.5,0.7,0.5,0.4,0.4,0.6,0.8,0.7,0.4,0.7,0.6,0.4,0.4,0.5,0.4,0.5,0.5,9.4,0.6,8.8,0.7,0.7,0.4,0.6,0.4,0.6,0.7,0.4,0.6,0.4,0.6,0.8,0.7,0.4,14.2,0.5,0.6,0.6,0.6,0.5,0.5,0.5,,140.2,104.8
15:00,9.1,76.5,0.4,9.1,0.6,0.5,0.7,0.7,0.7,0.4,0.4,0.5,0.4,0.5,0.4,0.6,0.5,0.6,0.5,0.5,0.5,0.4,0.5,0.7,0.5,7.7,0.7,0.6,0.5,0.5,6.8,0.6,0.7,0.4,0.5,9.3,0.4,0.4,0.5,0.7,0.4,0.4,0.7,0.7,0.5,0.7,0.5,0.6,0.7,0.7,0.4,0.6,6.3,0.6,0.6,0.7,0.5,0.7,0.6,7.1,29,0.6,0.5,0.4,0.4,0.6,0.7,0.7,0.4,0.7,0.5,0.4,0.4,0.5,0.4,0.5,0.5,9.2,0.5,9,0.7,0.7,0.4,0.5,0.4,0.6,0.7,0.4,0.6,0.4,0.6,0.7,0.7,0.4,13.9,0.5,0.6,0.5,0.6,0.5,0.5,0.4,,137.7,104
15:15,8.8,74.8,0.4,9.2,0.6,0.5,0.6,0.6,0.7,0.4,0.4,0.5,0.4,0.5,0.4,0.6,0.5,0.6,0.4,0.5,0.5,0.4,0.5,0.7,0.5,7.9,0.7,0.6,0.5,0.5,6.9,0.6,0.7,0.4,0.5,9.4,0.4,0.4,0.5,0.7,0.4,0.4,0.7,0.7,0.5,0.7,0.5,0.6,0.7,0.7,0.4,0.5,6.4,0.6,0.6,0.7,0.5,0.6,0.6,7.2,28.4,0.6,0.4,0.4,0.4,0.6,0.7,0.7,0.4,0.7,0.5,0.4,0.4,0.5,0.4,0.5,0.4,9,0.5,9.1,0.6,0.7,0.4,0.5,0.4,0.6,0.7,0.4,0.6,0.4,0.6,0.7,0.7,0.4,13.6,0.5,0.6,0.5,0.6,0.5,0.5,0.4,,134.6,104
15:30,8.6,72.7,0.4,9.4,0.6,0.5,0.6,0.6,0.7,0.4,0.4,0.5,0.4,0.5,0.4,0.6,0.5,0.6,0.4,0.5,0.5,0.4,0.5,0.6,0.5,8,0.7,0.6,0.5,0.4,7,0.5,0.7,0.4,0.5,9.6,0.4,0.4,0.5,0.7,0.4,0.4,0.7,0.6,0.5,0.7,0.5,0.6,0.7,0.7,0.4,0.5,6.5,0.6,0.6,0.7,0.5,0.6,0.6,7.3,27.6,0.6,0.4,0.4,0.4,0.6,0.7,0.7,0.4,0.7,0.5,0.4,0.4,0.5,0.4,0.5,0.4,8.8,0.5,9.3,0.6,0.7,0.4,0.5,0.4,0.6,0.7,0.4,0.6,0.4,0.6,0.7,0.7,0.4,13.2,0.5,0.6,0.5,0.5,0.5,0.5,0.4,,130.9,104.5
15:45,8.3,70.4,0.4,9.4,0.5,0.5,0.6,0.6,0.7,0.4,0.4,0.5,0.4,0.5,0.4,0.6,0.5,0.6,0.4,0.5,0.4,0.4,0.5,0.6,0.5,8,0.7,0.5,0.5,0.4,7.1,0.5,0.7,0.4,0.5,9.6,0.4,0.4,0.4,0.7,0.4,0.4,0.7,0.6,0.5,0.7,0.5,0.6,0.6,0.7,0.4,0.5,6.6,0.6,0.6,0.7,0.5,0.6,0.6,7.4,26.7,0.6,0.4,0.4,0.4,0.6,0.7,0.7,0.4,0.6,0.5,0.4,0.4,0.5,0.4,0.5,0.4,8.5,0.5,9.3,0.6,0.7,0.4,0.5,0.4,0.6,0.7,0.4,0.6,0.4,0.6,0.7,0.6,0.4,12.8,0.5,0.6,0.5,0.5,0.5,0.5,0.4,,126.7,104.1
16:00,8,67.7,0.4,9.4,0.5,0.5,0.6,0.6,0.7,0.4,0.4,0.4,0.4,0.5,0.4,0.6,0.5,0.6,0.4,0.5,0.4,0.4,0.5,0.6,0.5,8,0.7,0.5,0.5,0.4,7.1,0.5,0.7,0.4,0.5,9.6,0.4,0.4,0.4,0.7,0.4,0.4,0.6,0.6,0.5,0.7,0.5,0.6,0.6,0.7,0.4,0.5,6.6,0.6,0.6,0.7,0.5,0.6,0.6,7.4,25.7,0.6,0.4,0.3,0.4,0.6,0.7,0.7,0.4,0.6,0.5,0.4,0.4,0.5,0.4,0.5,0.4,8.2,0.5,9.3,0.6,0.7,0.4,0.5,0.4,0.6,0.7,0.4,0.6,0.4,0.6,0.7,0.6,0.4,12.3,0.5,0.6,0.5,0.5,0.5,0.4,0.4,,121.9,103.7
16:15,7.7,64.7,0.4,9.3,0.5,0.5,0.6,0.6,0.7,0.4,0.4,0.4,0.4,0.5,0.4,0.6,0.5,0.6,0.4,0.5,0.4,0.4,0.5,0.6,0.5,7.9,0.7,0.5,0.5,0.4,7,0.5,0.7,0.4,0.5,9.6,0.4,0.4,0.4,0.7,0.4,0.4,0.6,0.6,0.5,0.7,0.5,0.6,0.6,0.7,0.4,0.5,6.5,0.6,0.6,0.7,0.5,0.6,0.6,7.3,24.5,0.6,0.4,0.3,0.4,0.6,0.7,0.7,0.4,0.6,0.5,0.4,0.4,0.5,0.4,0.5,0.4,7.8,0.5,9.2,0.6,0.7,0.4,0.5,0.4,0.6,0.7,0.4,0.6,0.4,0.6,0.7,0.6,0.4,11.8,0.4,0.6,0.5,0.5,0.5,0.4,0.4,,116.5,103
16:30,7.3,61.5,0.4,9.2,0.5,0.5,0.6,0.6,0.7,0.4,0.4,0.4,0.4,0.5,0.4,0.6,0.5,0.6,0.4,0.5,0.4,0.4,0.5,0.6,0.5,7.9,0.7,0.5,0.5,0.4,6.9,0.5,0.7,0.4,0.5,9.5,0.4,0.4,0.4,0.7,0.4,0.4,0.6,0.6,0.5,0.7,0.5,0.6,0.6,0.7,0.4,0.5,6.5,0.6,0.6,0.7,0.5,0.6,0.6,7.3,23.3,0.6,0.4,0.3,0.4,0.6,0.7,0.7,0.4,0.6,0.5,0.4,0.4,0.5,0.4,0.5,0.4,7.4,0.5,9.1,0.6,0.7,0.4,0.5,0.4,0.6,0.7,0.4,0.6,0.4,0.6,0.7,0.6,0.4,11.2,0.5,0.6,0.5,0.5,0.5,0.4,0.4,,110.7,102.7
16:45,6.9,58.1,0.4,9.2,0.5,0.5,0.6,0.6,0.7,0.4,0.4,0.5,0.4,0.5,0.4,0.6,0.5,0.6,0.4,0.5,0.4,0.4,0.5,0.6,0.5,7.8,0.7,0.5,0.5,0.4,6.9,0.5,0.7,0.4,0.5,9.4,0.4,0.4,0.4,0.7,0.4,0.4,0.7,0.6,0.5,0.7,0.5,0.6,0.6,0.7,0.4,0.5,6.4,0.6,0.6,0.7,0.5,0.6,0.6,7.2,22,0.6,0.4,0.4,0.4,0.6,0.7,0.7,0.4,0.6,0.5,0.4,0.4,0.5,0.4,0.5,0.4,7,0.5,9.1,0.6,0.7,0.4,0.5,0.4,0.6,0.7,0.4,0.6,0.4,0.6,0.7,0.6,0.4,10.6,0.5,0.6,0.5,0.5,0.5,0.5,0.4,,104.6,102.7
17:00,6.5,54.5,0.4,9.1,0.6,0.5,0.6,0.6,0.7,0.4,0.4,0.5,0.4,0.5,0.4,0.6,0.5,0.6,0.4,0.5,0.5,0.4,0.5,0.6,0.5,7.8,0.7,0.6,0.5,0.4,6.9,0.5,0.7,0.4,0.5,9.4,0.4,0.4,0.5,0.7,0.4,0.4,0.7,0.6,0.5,0.7,0.5,0.6,0.7,0.7,0.4,0.5,6.4,0.6,0.6,0.7,0.5,0.6,0.6,7.2,20.7,0.6,0.4,0.4,0.4,0.6,0.7,0.7,0.4,0.7,0.5,0.4,0.4,0.5,0.4,0.5,0.4,6.6,0.5,9,0.6,0.7,0.4,0.5,0.4,0.6,0.7,0.4,0.6,0.4,0.6,0.7,0.7,0.4,9.9,0.5,0.6,0.5,0.5,0.5,0.5,0.4,,98.2,103.2
17:15,6,50.8,0.4,9.1,0.6,0.5,0.7,0.7,0.7,0.4,0.4,0.5,0.4,0.5,0.4,0.6,0.5,0.6,0.4,0.5,0.5,0.4,0.5,0.7,0.5,7.8,0.7,0.6,0.5,0.5,6.8,0.6,0.7,0.4,0.5,9.3,0.4,0.4,0.5,0.7,0.4,0.4,0.7,0.7,0.5,0.7,0.5,0.6,0.7,0.7,0.4,0.6,6.4,0.6,0.6,0.7,0.5,0.6,0.6,7.1,19.3,0.6,0.4,0.4,0.4,0.6,0.7,0.7,0.4,0.7,0.5,0.4,0.4,0.5,0.4,0.5,0.4,6.1,0.5,9,0.6,0.7,0.4,0.5,0.4,0.6,0.7,0.4,0.6,0.4,0.6,0.7,0.7,0.4,9.2,0.5,0.6,0.5,0.6,0.5,0.5,0.4,,91.4,103.7
17:30,5.6,46.9,0.4,9,0.6,0.5,0.7,0.7,0.7,0.4,0.4,0.5,0.4,0.5,0.4,0.7,0.5,0.6,0.5,0.5,0.5,0.4,0.5,0.7,0.5,7.7,0.7,0.6,0.5,0.5,6.7,0.6,0.7,0.4,0.5,9.2,0.4,0.4,0.5,0.7,0.5,0.4,0.7,0.7,0.5,0.7,0.5,0.6,0.7,0.7,0.4,0.6,6.3,0.6,0.7,0.7,0.5,0.7,0.6,7.1,17.8,0.7,0.5,0.4,0.4,0.6,0.7,0.7,0.4,0.7,0.5,0.4,0.4,0.5,0.4,0.5,0.5,5.7,0.5,8.9,0.7,0.7,0.4,0.6,0.4,0.6,0.7,0.4,0.6,0.4,0.6,0.7,0.7,0.4,8.5,0.5,0.6,0.6,0.6,0.5,0.5,0.5,,84.5,104.3
17:45,5.1,43,0.4,8.7,0.6,0.5,0.7,0.7,0.8,0.4,0.5,0.5,0.4,0.5,0.4,0.7,0.5,0.6,0.5,0.5,0.5,0.5,0.6,0.7,0.5,7.4,0.8,0.6,0.6,0.5,6.6,0.6,0.7,0.5,0.6,8.9,0.4,0.5,0.5,0.7,0.5,0.5,0.7,0.7,0.6,0.8,0.5,0.7,0.7,0.8,0.4,0.6,6.1,0.6,0.7,0.8,0.5,0.7,0.6,6.9,16.3,0.7,0.5,0.4,0.4,0.6,0.8,0.7,0.4,0.7,0.6,0.4,0.4,0.5,0.4,0.6,0.5,5.2,0.6,8.6,0.7,0.8,0.5,0.6,0.4,0.6,0.8,0.4,0.7,0.4,0.6,0.8,0.7,0.4,7.8,0.5,0.6,0.6,0.6,0.5,0.5,0.5,,77.4,105
18:00,4.6,39.1,0.4,8.3,0.6,0.5,0.7,0.7,0.8,0.4,0.5,0.5,0.4,0.6,0.4,0.7,0.5,0.7,0.5,0.5,0.5,0.5,0.6,0.7,0.5,7.1,0.8,0.6,0.6,0.5,6.2,0.6,0.8,0.5,0.6,8.5,0.4,0.5,0.5,0.8,0.5,0.5,0.8,0.7,0.6,0.8,0.5,0.7,0.7,0.8,0.4,0.6,5.8,0.7,0.7,0.8,0.5,0.7,0.7,6.5,14.8,0.7,0.5,0.4,0.4,0.6,0.8,0.8,0.4,0.7,0.6,0.4,0.4,0.6,0.4,0.6,0.5,4.7,0.6,8.2,0.7,0.8,0.5,0.6,0.5,0.7,0.8,0.4,0.7,0.4,0.7,0.8,0.7,0.4,7.1,0.5,0.7,0.6,0.6,0.5,0.5,0.5,,70.3,103.7
18:15,4.2,35.1,0.4,7.7,0.7,0.6,0.8,0.8,0.8,0.4,0.5,0.5,0.5,0.6,0.5,0.7,0.6,0.7,0.5,0.5,0.5,0.5,0.6,0.8,0.6,6.6,0.8,0.7,0.6,0.5,5.8,0.6,0.8,0.5,0.6,7.9,0.4,0.5,0.5,0.8,0.5,0.5,0.8,0.8,0.6,0.8,0.6,0.7,0.8,0.8,0.4,0.6,5.4,0.7,0.7,0.8,0.6,0.7,0.7,6.1,13.3,0.7,0.5,0.4,0.4,0.7,0.8,0.8,0.4,0.8,0.6,0.5,0.4,0.6,0.4,0.6,0.5,4.2,0.6,7.6,0.7,0.8,0.5,0.6,0.5,0.7,0.8,0.4,0.7,0.4,0.7,0.8,0.8,0.5,6.4,0.5,0.7,0.6,0.6,0.6,0.5,0.5,,63.2,102.2
18:30,3.7,31.2,0.5,7.1,0.7,0.6,0.8,0.8,0.9,0.5,0.5,0.6,0.5,0.6,0.5,0.8,0.6,0.7,0.5,0.6,0.6,0.5,0.6,0.8,0.6,6,0.8,0.7,0.6,0.6,5.3,0.7,0.8,0.5,0.6,7.2,0.5,0.5,0.6,0.8,0.5,0.5,0.8,0.8,0.6,0.9,0.6,0.8,0.8,0.9,0.5,0.7,4.9,0.7,0.8,0.9,0.6,0.8,0.7,5.5,11.8,0.8,0.5,0.4,0.5,0.7,0.9,0.8,0.5,0.8,0.6,0.5,0.5,0.6,0.5,0.6,0.5,3.8,0.6,7,0.8,0.9,0.5,0.6,0.5,0.7,0.9,0.4,0.7,0.4,0.7,0.9,0.8,0.5,5.7,0.6,0.7,0.6,0.7,0.6,0.6,0.5,,56.2,101.3
18:45,3.2,27.4,0.5,6.4,0.7,0.6,0.8,0.8,0.9,0.5,0.5,0.6,0.5,0.6,0.5,0.8,0.6,0.7,0.6,0.6,0.6,0.5,0.7,0.8,0.6,5.5,0.9,0.7,0.7,0.6,4.8,0.7,0.9,0.5,0.7,6.6,0.5,0.5,0.6,0.9,0.6,0.5,0.9,0.8,0.7,0.9,0.6,0.8,0.8,0.9,0.5,0.7,4.5,0.8,0.8,0.9,0.6,0.8,0.8,5,10.4,0.8,0.6,0.5,0.5,0.7,0.9,0.9,0.5,0.9,0.7,0.5,0.5,0.6,0.5,0.7,0.6,3.3,0.7,6.3,0.8,0.9,0.5,0.7,0.5,0.7,0.9,0.5,0.8,0.5,0.7,0.9,0.8,0.5,5,0.6,0.8,0.7,0.7,0.6,0.6,0.6,,49.3,100.1
19:00,2.8,23.7,0.5,5.8,0.8,0.6,0.9,0.9,0.9,0.5,0.6,0.6,0.5,0.7,0.5,0.8,0.6,0.8,0.6,0.6,0.6,0.6,0.7,0.9,0.6,5,0.9,0.7,0.7,0.6,4.4,0.7,0.9,0.6,0.7,6,0.5,0.6,0.6,0.9,0.6,0.6,0.9,0.9,0.7,0.9,0.6,0.8,0.9,0.9,0.5,0.7,4.1,0.8,0.8,0.9,0.6,0.8,0.8,4.6,9,0.8,0.6,0.5,0.5,0.8,0.9,0.9,0.5,0.9,0.7,0.5,0.5,0.7,0.5,0.7,0.6,2.9,0.7,5.7,0.8,0.9,0.6,0.7,0.5,0.8,0.9,0.5,0.8,0.5,0.8,0.9,0.9,0.5,4.3,0.6,0.8,0.7,0.7,0.6,0.6,0.6,,42.7,98.5
19:15,2.4,20.1,0.5,5.3,0.8,0.7,0.9,0.9,1,0.5,0.6,0.6,0.5,0.7,0.5,0.9,0.7,0.8,0.6,0.6,0.6,0.6,0.7,0.9,0.7,4.5,1,0.8,0.7,0.6,4,0.8,0.9,0.6,0.7,5.4,0.5,0.6,0.6,0.9,0.6,0.6,0.9,0.9,0.7,1,0.7,0.9,0.9,1,0.5,0.8,3.7,0.8,0.9,1,0.7,0.9,0.8,4.2,7.6,0.9,0.6,0.5,0.5,0.8,1,1,0.5,0.9,0.7,0.6,0.5,0.7,0.5,0.7,0.6,2.4,0.7,5.2,0.9,1,0.6,0.7,0.6,0.8,1,0.5,0.8,0.5,0.8,1,0.9,0.6,3.7,0.6,0.8,0.7,0.8,0.7,0.6,0.6,,36.2,98.1
19:30,2,16.8,0.5,4.9,0.8,0.7,0.9,0.9,1,0.5,0.6,0.7,0.6,0.7,0.6,0.9,0.7,0.8,0.6,0.7,0.7,0.6,0.7,0.9,0.7,4.2,1,0.8,0.7,0.6,3.7,0.8,1,0.6,0.7,5,0.5,0.6,0.7,1,0.6,0.6,1,0.9,0.7,1,0.7,0.9,0.9,1,0.5,0.8,3.4,0.8,0.9,1,0.7,0.9,0.8,3.9,6.4,0.9,0.6,0.5,0.5,0.8,1,1,0.5,0.9,0.7,0.6,0.5,0.7,0.5,0.7,0.6,2,0.7,4.9,0.9,1,0.6,0.8,0.6,0.8,1,0.5,0.9,0.5,0.8,1,0.9,0.6,3.1,0.7,0.8,0.7,0.8,0.7,0.7,0.6,,30.3,97.1
19:45,1.6,13.6,0.5,4.7,0.8,0.7,0.9,0.9,1,0.6,0.6,0.7,0.6,0.7,0.6,0.9,0.7,0.8,0.6,0.7,0.7,0.6,0.8,0.9,0.7,4,1,0.8,0.7,0.7,3.5,0.8,1,0.6,0.8,4.8,0.6,0.6,0.7,1,0.6,0.6,1,0.9,0.7,1,0.7,0.9,1,1,0.5,0.8,3.3,0.9,0.9,1,0.7,0.9,0.9,3.7,5.2,0.9,0.6,0.5,0.5,0.8,1,1,0.6,1,0.8,0.6,0.5,0.7,0.5,0.7,0.6,1.6,0.7,4.6,0.9,1,0.6,0.8,0.6,0.8,1,0.5,0.9,0.5,0.8,1,0.9,0.6,2.5,0.7,0.8,0.8,0.8,0.7,0.7,0.6,,24.5,96.9
20:00,1.3,10.7,0.5,4.6,0.8,0.7,0.9,0.9,1,0.6,0.6,0.7,0.6,0.7,0.6,0.9,0.7,0.8,0.6,0.7,0.7,0.6,0.8,0.9,0.7,3.9,1,0.8,0.7,0.7,3.5,0.8,1,0.6,0.8,4.7,0.6,0.6,0.7,1,0.6,0.6,1,0.9,0.7,1,0.7,0.9,1,1,0.5,0.8,3.2,0.9,0.9,1,0.7,0.9,0.9,3.6,4.1,0.9,0.6,0.5,0.5,0.8,1,1,0.6,1,0.8,0.6,0.5,0.7,0.5,0.7,0.6,1.3,0.7,4.6,0.9,1,0.6,0.8,0.6,0.8,1,0.5,0.9,0.5,0.8,1,0.9,0.6,2,0.7,0.8,0.8,0.8,0.7,0.7,0.6,,19.4,96.4
20:15,1,8.1,0.5,4.6,0.8,0.7,0.9,0.9,1,0.5,0.6,0.7,0.6,0.7,0.6,0.9,0.7,0.8,0.6,0.7,0.7,0.6,0.7,0.9,0.7,4,1,0.8,0.7,0.6,3.5,0.8,1,0.6,0.7,4.8,0.5,0.6,0.7,1,0.6,0.6,1,0.9,0.7,1,0.7,0.9,0.9,1,0.5,0.8,3.2,0.8,0.9,1,0.7,0.9,0.8,3.7,3.1,0.9,0.6,0.5,0.5,0.8,1,1,0.5,0.9,0.7,0.6,0.5,0.7,0.5,0.7,0.6,1,0.7,4.6,0.9,1,0.6,0.8,0.6,0.8,1,0.5,0.9,0.5,0.8,1,0.9,0.6,1.5,0.7,0.8,0.7,0.8,0.7,0.7,0.6,,14.7,95.5
20:30,0.7,5.8,0.5,4.7,0.8,0.7,0.9,0.9,1,0.5,0.6,0.6,0.5,0.7,0.5,0.9,0.7,0.8,0.6,0.7,0.6,0.6,0.7,0.9,0.7,4,1,0.8,0.7,0.6,3.6,0.8,0.9,0.6,0.7,4.8,0.5,0.6,0.6,1,0.6,0.6,0.9,0.9,0.7,1,0.7,0.9,0.9,1,0.5,0.8,3.3,0.8,0.9,1,0.7,0.9,0.8,3.7,2.2,0.9,0.6,0.5,0.5,0.8,1,1,0.5,0.9,0.7,0.6,0.5,0.7,0.5,0.7,0.6,0.7,0.7,4.7,0.9,1,0.6,0.7,0.6,0.8,1,0.5,0.8,0.5,0.8,1,0.9,0.6,1.1,0.7,0.8,0.7,0.8,0.7,0.6,0.6,,10.5,94.9
20:45,0.5,3.8,0.5,4.8,0.8,0.7,0.9,0.9,1,0.5,0.6,0.6,0.5,0.7,0.5,0.9,0.7,0.8,0.6,0.6,0.6,0.6,0.7,0.9,0.7,4.1,1,0.8,0.7,0.6,3.6,0.8,0.9,0.6,0.7,4.9,0.5,0.6,0.6,0.9,0.6,0.6,0.9,0.9,0.7,1,0.7,0.8,0.9,1,0.5,0.7,3.3,0.8,0.9,1,0.7,0.9,0.8,3.8,1.4,0.9,0.6,0.5,0.5,0.8,1,0.9,0.5,0.9,0.7,0.5,0.5,0.7,0.5,0.7,0.6,0.5,0.7,4.7,0.9,1,0.6,0.7,0.6,0.8,1,0.5,0.8,0.5,0.8,1,0.9,0.5,0.7,0.6,0.8,0.7,0.7,0.7,0.6,0.6,,6.9,94.4
21:00,0.3,2.2,0.5,4.8,0.8,0.6,0.9,0.9,1,0.5,0.6,0.6,0.5,0.7,0.5,0.8,0.7,0.8,0.6,0.6,0.6,0.6,0.7,0.9,0.7,4.1,0.9,0.8,0.7,0.6,3.6,0.7,0.9,0.6,0.7,4.9,0.5,0.6,0.6,0.9,0.6,0.6,0.9,0.9,0.7,0.9,0.6,0.8,0.9,0.9,0.5,0.7,3.3,0.8,0.8,0.9,0.7,0.9,0.8,3.7,0.8,0.8,0.6,0.5,0.5,0.8,1,0.9,0.5,0.9,0.7,0.5,0.5,0.7,0.5,0.7,0.6,0.3,0.7,4.7,0.9,0.9,0.6,0.7,0.5,0.8,0.9,0.5,0.8,0.5,0.8,1,0.9,0.5,0.4,0.6,0.8,0.7,0.7,0.7,0.6,0.6,,4,93
21:15,0.1,0.9,0.5,4.7,0.8,0.6,0.9,0.9,0.9,0.5,0.6,0.6,0.5,0.7,0.5,0.8,0.6,0.8,0.6,0.6,0.6,0.6,0.7,0.9,0.6,4,0.9,0.7,0.7,0.6,3.5,0.7,0.9,0.6,0.7,4.8,0.5,0.6,0.6,0.9,0.6,0.6,0.9,0.9,0.7,0.9,0.6,0.8,0.9,0.9,0.5,0.7,3.3,0.8,0.8,0.9,0.6,0.8,0.8,3.7,0.3,0.8,0.6,0.5,0.5,0.8,0.9,0.9,0.5,0.9,0.7,0.5,0.5,0.7,0.5,0.7,0.6,0.1,0.7,4.6,0.9,0.9,0.6,0.7,0.5,0.8,0.9,0.5,0.8,0.5,0.8,0.9,0.9,0.5,0.2,0.6,0.8,0.7,0.7,0.7,0.6,0.6,,1.6,91.7
21:30,0,0,0.5,4.6,0.7,0.6,0.9,0.9,0.9,0.5,0.6,0.6,0.5,0.7,0.5,0.8,0.6,0.8,0.6,0.6,0.6,0.6,0.7,0.9,0.6,3.9,0.9,0.7,0.7,0.6,3.4,0.7,0.9,0.6,0.7,4.7,0.5,0.6,0.6,0.9,0.6,0.6,0.9,0.9,0.7,0.9,0.6,0.8,0.9,0.9,0.5,0.7,3.2,0.8,0.8,0.9,0.6,0.8,0.8,3.6,0,0.8,0.6,0.5,0.5,0.8,0.9,0.9,0.5,0.9,0.7,0.5,0.5,0.7,0.5,0.7,0.6,0,0.7,4.5,0.8,0.9,0.6,0.7,0.5,0.8,0.9,0.5,0.8,0.5,0.8,0.9,0.9,0.5,0,0.6,0.8,0.7,0.7,0.6,0.6,0.6,,0,90.7
21:45,0,0,0.5,4.4,0.7,0.6,0.8,0.8,0.9,0.5,0.6,0.6,0.5,0.7,0.5,0.8,0.6,0.8,0.6,0.6,0.6,0.5,0.7,0.8,0.6,3.8,0.9,0.7,0.7,0.6,3.3,0.7,0.9,0.6,0.7,4.5,0.5,0.6,0.6,0.9,0.6,0.5,0.9,0.9,0.7,0.9,0.6,0.8,0.9,0.9,0.5,0.7,3.1,0.8,0.8,0.9,0.6,0.8,0.8,3.5,0,0.8,0.6,0.5,0.5,0.7,0.9,0.9,0.5,0.9,0.7,0.5,0.5,0.6,0.5,0.7,0.6,0,0.7,4.4,0.8,0.9,0.5,0.7,0.5,0.8,0.9,0.5,0.8,0.5,0.8,0.9,0.9,0.5,0,0.6,0.8,0.7,0.7,0.6,0.6,0.6,,0,89
22:00,0,0,0.5,4.3,0.7,0.6,0.8,0.8,0.9,0.5,0.5,0.6,0.5,0.6,0.5,0.8,0.6,0.7,0.6,0.6,0.6,0.5,0.7,0.8,0.6,3.7,0.9,0.7,0.7,0.6,3.3,0.7,0.9,0.5,0.7,4.5,0.5,0.6,0.6,0.9,0.6,0.5,0.9,0.8,0.7,0.9,0.6,0.8,0.9,0.9,0.5,0.7,3,0.8,0.8,0.9,0.6,0.8,0.8,3.4,0,0.8,0.6,0.5,0.5,0.7,0.9,0.9,0.5,0.9,0.7,0.5,0.5,0.6,0.5,0.7,0.6,0,0.7,4.3,0.8,0.9,0.5,0.7,0.5,0.8,0.9,0.5,0.8,0.5,0.7,0.9,0.8,0.5,0,0.6,0.8,0.7,0.7,0.6,0.6,0.6,,0,87.8
22:15,0,0,0.5,4.3,0.7,0.6,0.8,0.8,0.9,0.5,0.5,0.6,0.5,0.6,0.5,0.8,0.6,0.7,0.5,0.6,0.6,0.5,0.7,0.8,0.6,3.7,0.9,0.7,0.6,0.6,3.2,0.7,0.8,0.5,0.7,4.4,0.5,0.5,0.6,0.9,0.5,0.5,0.8,0.8,0.6,0.9,0.6,0.8,0.8,0.9,0.5,0.7,3,0.7,0.8,0.9,0.6,0.8,0.7,3.4,0,0.8,0.6,0.5,0.5,0.7,0.9,0.9,0.5,0.8,0.7,0.5,0.5,0.6,0.5,0.6,0.5,0,0.7,4.2,0.8,0.9,0.5,0.7,0.5,0.7,0.9,0.5,0.8,0.5,0.7,0.9,0.8,0.5,0,0.6,0.7,0.7,0.7,0.6,0.6,0.5,,0,85.9
22:30,0,0,0.4,4.2,0.7,0.6,0.8,0.8,0.9,0.5,0.5,0.6,0.5,0.6,0.5,0.8,0.6,0.7,0.5,0.6,0.6,0.5,0.6,0.8,0.6,3.6,0.8,0.7,0.6,0.5,3.2,0.7,0.8,0.5,0.6,4.3,0.5,0.5,0.6,0.8,0.5,0.5,0.8,0.8,0.6,0.8,0.6,0.7,0.8,0.8,0.4,0.7,3,0.7,0.8,0.8,0.6,0.8,0.7,3.3,0,0.8,0.5,0.4,0.5,0.7,0.9,0.8,0.5,0.8,0.6,0.5,0.4,0.6,0.5,0.6,0.5,0,0.6,4.2,0.8,0.8,0.5,0.6,0.5,0.7,0.8,0.4,0.7,0.4,0.7,0.9,0.8,0.5,0,0.6,0.7,0.6,0.7,0.6,0.6,0.5,,0,83.1
22:45,0,0,0.4,4.2,0.6,0.5,0.7,0.7,0.8,0.4,0.5,0.5,0.4,0.6,0.4,0.7,0.6,0.7,0.5,0.5,0.5,0.5,0.6,0.7,0.6,3.6,0.8,0.6,0.6,0.5,3.1,0.6,0.8,0.5,0.6,4.3,0.4,0.5,0.5,0.8,0.5,0.5,0.8,0.7,0.6,0.8,0.5,0.7,0.8,0.8,0.4,0.6,2.9,0.7,0.7,0.8,0.6,0.7,0.7,3.3,0,0.7,0.5,0.4,0.4,0.7,0.8,0.8,0.4,0.8,0.6,0.5,0.4,0.6,0.4,0.6,0.5,0,0.6,4.1,0.7,0.8,0.5,0.6,0.5,0.7,0.8,0.4,0.7,0.4,0.7,0.8,0.8,0.5,0,0.5,0.7,0.6,0.6,0.6,0.5,0.5,,0,79.6
23:00,0,0,0.4,4.1,0.6,0.5,0.7,0.7,0.8,0.4,0.5,0.5,0.4,0.5,0.4,0.7,0.5,0.6,0.5,0.5,0.5,0.4,0.6,0.7,0.5,3.5,0.7,0.6,0.6,0.5,3.1,0.6,0.7,0.5,0.6,4.2,0.4,0.5,0.5,0.7,0.5,0.4,0.7,0.7,0.6,0.8,0.5,0.7,0.7,0.7,0.4,0.6,2.9,0.6,0.7,0.7,0.5,0.7,0.6,3.2,0,0.7,0.5,0.4,0.4,0.6,0.8,0.7,0.4,0.7,0.6,0.4,0.4,0.5,0.4,0.6,0.5,0,0.6,4.1,0.7,0.8,0.5,0.6,0.4,0.6,0.8,0.4,0.6,0.4,0.6,0.8,0.7,0.4,0,0.5,0.6,0.6,0.6,0.5,0.5,0.5,,0,76.3
23:15,0,0,0.4,4.1,0.6,0.5,0.6,0.6,0.7,0.4,0.4,0.5,0.4,0.5,0.4,0.6,0.5,0.6,0.4,0.5,0.5,0.4,0.5,0.6,0.5,3.5,0.7,0.6,0.5,0.4,3.1,0.5,0.7,0.4,0.5,4.2,0.4,0.4,0.5,0.7,0.4,0.4,0.7,0.6,0.5,0.7,0.5,0.6,0.7,0.7,0.4,0.5,2.8,0.6,0.6,0.7,0.5,0.6,0.6,3.2,0,0.6,0.4,0.4,0.4,0.6,0.7,0.7,0.4,0.7,0.5,0.4,0.4,0.5,0.4,0.5,0.4,0,0.5,4,0.6,0.7,0.4,0.5,0.4,0.6,0.7,0.4,0.6,0.4,0.6,0.7,0.7,0.4,0,0.5,0.6,0.5,0.5,0.5,0.5,0.4,,0,72.3
23:30,0,0,0.3,4,0.5,0.4,0.6,0.6,0.6,0.3,0.4,0.4,0.4,0.5,0.4,0.6,0.4,0.5,0.4,0.4,0.4,0.4,0.5,0.6,0.4,3.4,0.6,0.5,0.5,0.4,3,0.5,0.6,0.4,0.5,4.1,0.3,0.4,0.4,0.6,0.4,0.4,0.6,0.6,0.5,0.6,0.4,0.6,0.6,0.6,0.3,0.5,2.8,0.5,0.6,0.6,0.4,0.6,0.5,3.1,0,0.6,0.4,0.3,0.3,0.5,0.6,0.6,0.3,0.6,0.5,0.4,0.3,0.4,0.3,0.5,0.4,0,0.5,4,0.6,0.6,0.4,0.5,0.4,0.5,0.6,0.3,0.5,0.3,0.5,0.6,0.6,0.4,0,0.4,0.5,0.5,0.5,0.4,0.4,0.4,,0,66.8
23:45,0,0,0.3,3.9,0.5,0.4,0.5,0.5,0.6,0.3,0.3,0.4,0.3,0.4,0.3,0.5,0.4,0.5,0.4,0.4,0.4,0.3,0.4,0.5,0.4,3.3,0.6,0.5,0.4,0.4,2.9,0.4,0.6,0.3,0.4,4,0.3,0.3,0.4,0.6,0.4,0.3,0.5,0.5,0.4,0.6,0.4,0.5,0.5,0.6,0.3,0.4,2.7,0.5,0.5,0.6,0.4,0.5,0.5,3.1,0,0.5,0.4,0.3,0.3,0.5,0.6,0.6,0.3,0.5,0.4,0.3,0.3,0.4,0.3,0.4,0.4,0,0.4,3.9,0.5,0.6,0.3,0.4,0.3,0.5,0.6,0.3,0.5,0.3,0.5,0.6,0.5,0.3,0,0.4,0.5,0.4,0.4,0.4,0.4,0.4,,0,62.4